Datum;Konto;Typ av transaktion;Värdepapper/beskrivning;Antal;Kurs;Belopp;Transaktionsvaluta;Courtage;Valutakurs;Instrumentvaluta;ISIN;Resultat
2025-08-01;PSW Sverige;Utdelning;Cibus Nordic Real Estate;350;0,780045;273,02;SEK;;;SEK;SE0010832204;
2025-08-01;PSW Worldwide;Utländsk källskatt;Utdelning LTC 0.19 USD/aktie 15%;60;;-16,5;SEK;;1;;US5021751020;
2025-08-01;PSW Worldwide;Utdelning;Ltc Properties;60;0,19;109,98;SEK;;1;USD;US5021751020;
2025-08-01;PSW Worldwide;Utländsk källskatt;Utdelning LAND.O 0.0467 USD/aktie 15%;60;;-4,05;SEK;;1;;US3765491010;
2025-08-01;PSW Worldwide;Utdelning;Gladstone Land;60;0,0467;27,03;SEK;;1;USD;US3765491010;
2025-08-01;PSW Worldwide;Utländsk källskatt;Utdelning GAIN.O 0.08 USD/aktie 15%;200;;-23,15;SEK;;1;;US3765461070;
2025-08-01;PSW Worldwide;Utdelning;Gladstone Investment;200;0,08;154,36;SEK;;1;USD;US3765461070;
2025-08-01;PSW Worldwide;Utländsk källskatt;Utdelning GOOD.O 0.1 USD/aktie 15%;170;;-24,6;SEK;;1;;US3765361080;
2025-08-01;PSW Worldwide;Utdelning;Gladstone Commercial Real Estate Investment Trust;170;0,1;164,01;SEK;;1;USD;US3765361080;
2025-08-01;PSW Worldwide;Utländsk källskatt;Utdelning GLAD.O 0.165 USD/aktie 15%;125;;-29,85;SEK;;1;;US3765358789;
2025-08-01;PSW Worldwide;Utdelning;Gladstone Capital;125;0,165;198,98;SEK;;1;USD;US3765358789;
2025-08-01;PSW Worldwide;Utländsk källskatt;Utdelning PEAK.K 0.10167 USD/aktie 15%;97;;-14,27;SEK;;1;;US42250P1030;
2025-08-01;PSW Worldwide;Utdelning;Healthpeak Properties;97;0,10167;95,14;SEK;;1;USD;US42250P1030;
2025-08-01;PSW Worldwide;Utländsk källskatt;Utdelning OXLC.O 0.09 USD/aktie 15%;460;;-59,91;SEK;;1;;US6915431026;
2025-08-01;PSW Worldwide;Utdelning;Oxford Lane Capital;460;0,09;399,41;SEK;;1;USD;US6915431026;
2025-08-01;PSW Worldwide;Utländsk källskatt;Utdelning CSWC.O 0.1934 USD/aktie 15%;63;;-17,63;SEK;;1;;US1405011073;
2025-08-01;PSW Worldwide;Utdelning;Capital Southwest;63;0,1934;117,55;SEK;;1;USD;US1405011073;
2025-08-01;PSW Worldwide;Övrigt;Riskpremie;;;-12,35;SEK;;1;;;
2025-08-01;KF Linn & Liva;Övrigt;Riskpremie;;;-1,05;SEK;;1;;;
2025-08-01;PSW Worldwide;Utländsk källskatt;Utdelning RITM.K 0.25 USD/aktie 15%;466;;-168,59;SEK;;1;;US64828T2015;
2025-08-01;PSW Worldwide;Utdelning;Rithm Capital;466;0,25;1123,95;SEK;;1;USD;US64828T2015;
2025-08-01;PSW Worldwide;Utländsk källskatt;Utdelning EFC.N 0.13 USD/aktie 15%;455;;-85,6;SEK;;1;;US28852N1090;
2025-08-01;PSW Worldwide;Utdelning;Ellington Financial;455;0,13;570,66;SEK;;1;USD;US28852N1090;
2025-08-01;PSW Worldwide;Utländsk källskatt;Utdelning NLY 0.7 USD/aktie 15%;40;;-40,52;SEK;;1;;US0357108390;
2025-08-01;PSW Worldwide;Utdelning;Annaly Capital Management;40;0,7;270,13;SEK;;1;USD;US0357108390;
2025-08-01;PSW Worldwide;Utländsk källskatt;Utdelning IGM.TO 0.5625 CAD/aktie 15%;20;;-11,8;SEK;;1;;CA4495861060;
2025-08-01;PSW Worldwide;Utdelning;IGM Financial Inc.;20;0,5625;78,68;SEK;;1;CAD;CA4495861060;
2025-07-31;PSW Worldwide;Ränta;;;;-3,99;SEK;;1;;;
2025-07-31;KF Linn & Liva;Ränta;;;;-0,33;SEK;;1;;;
2025-07-31;PSW Sverige;Utdelning;Creades A;40;0,4;16;SEK;;;SEK;SE0015661236;
2025-07-31;PSW Worldwide;Utländsk källskatt;Utdelning ARR 0.24 USD/aktie 15%;68;;-23,88;SEK;;1;;US0423157058;
2025-07-31;PSW Worldwide;Utdelning;Armour Residential Reit;68;0,24;159,23;SEK;;1;USD;US0423157058;
2025-07-31;PSW Worldwide;Utländsk källskatt;Utdelning ORC 0.12 USD/aktie 15%;156;;-27,4;SEK;;1;;US68571X3017;
2025-07-31;PSW Worldwide;Utdelning;Orchid Island Capital;156;0,12;182,64;SEK;;1;USD;US68571X3017;
2025-07-31;KF Linn & Liva;Köp;Öhman Emerging Markets A;0,9113;274,32;-249,99;SEK;0;;SEK;SE0004578615;
2025-07-31;Målsparande;Köp;Öhman Emerging Markets A;0,3645;274,32;-99,99;SEK;0;;SEK;SE0004578615;
2025-07-30;Målsparande;Köp;Carnegie Strategy 3 SEK Cap;0,0157;9538,45;-149,75;SEK;0;;SEK;LU0075898758;
2025-07-30;PSW Worldwide;Utländsk källskatt;Utdelning PERP.PA 2.35 EUR/aktie 25%;4;;-26,2;SEK;;1;;FR0000120693;
2025-07-30;PSW Worldwide;Utdelning;Pernod Ricard SA;4;2,35;104,78;SEK;;1;EUR;FR0000120693;
2025-07-30;PSW Worldwide;Utländsk källskatt;Utdelning BNS.TO 1.1 CAD/aktie 15%;40;;-46,17;SEK;;1;;CA0641491075;
2025-07-30;PSW Worldwide;Utdelning;Bank Of Nova Scotia;40;1,1;307,78;SEK;;1;CAD;CA0641491075;
2025-07-30;KF Linn & Liva;Köp;Spiltan Aktiefond Investmentbolag;0,1237;808,23;-99,98;SEK;0;;SEK;SE0004297927;
2025-07-30;Målsparande;Köp;Spiltan Aktiefond Investmentbolag;0,1855;808,23;-149,93;SEK;0;;SEK;SE0004297927;
2025-07-30;Målsparande;Köp;Spiltan Högräntefond;1,0908;137,51;-150;SEK;0;;SEK;SE0005798329;
2025-07-29;KF Linn & Liva;Köp;Swedbank Robur Small Cap Global A;0,6606;151,36;-99,99;SEK;0;;SEK;SE0000539439;
2025-07-29;KF Linn & Liva;Köp;TIN Ny Teknik A;0,9758;153,7174;-150;SEK;0;;SEK;SE0012193019;
2025-07-29;KF Linn & Liva;Köp;AMF Aktiefond Småbolag;0,0787;1270,49;-99,99;SEK;0;;SEK;SE0001185000;
2025-07-29;Målsparande;Köp;AMF Balansfond;0,3519;426,24;-149,99;SEK;0;;SEK;SE0000739179;
2025-07-29;KF Linn & Liva;Köp;AMF Aktiefond Global;0,7514;399,24;-299,99;SEK;0;;SEK;SE0000862278;
2025-07-29;Målsparande;Köp;AMF Aktiefond Global;0,7514;399,24;-299,99;SEK;0;;SEK;SE0000862278;
2025-07-29;PSW Worldwide;Utländsk källskatt;Utdelning AKERBP.OL 6.36193 NOK/aktie 25%;24;;-36;SEK;;1;;NO0010345853;
2025-07-29;PSW Worldwide;Utdelning;Aker BP;24;6,36193;144;SEK;;1;NOK;NO0010345853;
2025-07-29;PSW Worldwide;Utländsk källskatt;Utdelning GSBD.K 0.16 USD/aktie 15%;80;;-18,54;SEK;;1;;US38147U1079;
2025-07-29;PSW Worldwide;Utdelning;Goldman Sachs BDC;80;0,16;123,59;SEK;;1;USD;US38147U1079;
2025-07-29;PSW Worldwide;Utländsk källskatt;Utdelning GSBD.K 0.32 USD/aktie 15%;80;;-37,08;SEK;;1;;US38147U1079;
2025-07-29;PSW Worldwide;Utdelning;Goldman Sachs BDC;80;0,32;247,17;SEK;;1;USD;US38147U1079;
2025-07-28;PSW Worldwide;Köp;Aker Solutions;40;30,54;-1155,98;SEK;1,73;0,944871;NOK;NO0010716582;
2025-07-28;KF Linn & Liva;Insättning;Autogiroinsättning;;;1000;SEK;;1;;;
2025-07-28;Målsparande;Insättning;Autogiroinsättning;;;1000;SEK;;1;;;
2025-07-28;PSW Worldwide;Insättning;Direktinsättning från Nordea Bank;;;10352;SEK;;1;;;
2025-07-28;KF Linn & Liva;Insättning;Direktinsättning från Nordea Bank;;;1000;SEK;;1;;;
2025-07-25;PSW Worldwide;Utdelning;Noram Drilling;100;0,356;33,31;SEK;;1;NOK;NO0010360019;
2025-07-25;PSW Worldwide;Utländsk källskatt;Utdelning SAR 0.25 USD/aktie 15%;19;;-6,77;SEK;;1;;US80349A2087;
2025-07-25;PSW Worldwide;Utdelning;Saratoga Investment New;19;0,25;45,14;SEK;;1;USD;US80349A2087;
2025-07-25;PSW Worldwide;Övrigt;Avkastningsskatt;;;-10352;SEK;;1;;;
2025-07-25;KF Linn & Liva;Övrigt;Avkastningsskatt;;;-845;SEK;;1;;;
2025-07-25;KF Linn - inte;Övrigt;Avkastningsskatt;;;-2;SEK;;1;;;
2025-07-24;PSW Worldwide;Utländsk källskatt;Utdelning PROTCT 2 NOK/aktie 25%;10;;-4,7;SEK;;1;;NO0010209331;
2025-07-24;PSW Worldwide;Utdelning;Protector Forsikring;10;2;18,78;SEK;;1;NOK;NO0010209331;
2025-07-24;PSW Worldwide;Utländsk källskatt;Utdelning 2020B.OL 1.62832 NOK/aktie 25%;215;;-82,18;SEK;;1;;BMG9156K1018;
2025-07-24;PSW Worldwide;Utdelning;2020 Bulkers;215;1,62832;328,73;SEK;;1;NOK;BMG9156K1018;
2025-07-24;PSW Worldwide;Utländsk källskatt;Utdelning CSCO 0.41 USD/aktie 15%;22;;-12,84;SEK;;1;;US17275R1023;
2025-07-24;PSW Worldwide;Utdelning;Cisco Systems;22;0,41;85,6;SEK;;1;USD;US17275R1023;
2025-07-23;PSW Worldwide;Utländsk källskatt;Utdelning DG 0.59 USD/aktie 15%;10;;-8,41;SEK;;1;;US2566771059;
2025-07-23;PSW Worldwide;Utdelning;Dollar General;10;0,59;56,05;SEK;;1;USD;US2566771059;
2025-07-23;PSW Worldwide;Utländsk källskatt;Utdelning PSEC.O 0.045 USD/aktie 15%;400;;-25,65;SEK;;1;;US74348T1025;
2025-07-23;PSW Worldwide;Utdelning;Prospect Capital;400;0,045;171,01;SEK;;1;USD;US74348T1025;
2025-07-22;PSW Worldwide;Utländsk källskatt;Utdelning NEWT.O 0.19 USD/aktie 15%;200;;-54,49;SEK;;1;;US6525262035;
2025-07-22;PSW Worldwide;Utdelning;NewtekOne;200;0,19;363,3;SEK;;1;USD;US6525262035;
2025-07-21;PSW Worldwide;Köp;Starwood Property Trust;22;19,65;-4163,49;SEK;9,61;9,608797;USD;US85571B1052;
2025-07-21;PSW Sverige;Köp;Ericsson B;8;72,7;-582,6;SEK;1;;SEK;SE0000108656;
2025-07-21;PSW Worldwide;Köp;Yara International;2;383,9;-726,36;SEK;1,09;0,944611;NOK;NO0010208051;
2025-07-21;PSW Worldwide;Köp;SPAREBANKEN NORGE;5;160;-756,82;SEK;1,13;0,944611;NOK;NO0006000900;
2025-07-18;PSW Worldwide;Utländsk källskatt;Utdelning CGBD.O 0.4 USD/aktie 15%;200;;-115,58;SEK;;1;;US8722801029;
2025-07-18;PSW Worldwide;Utdelning;Carlyle Secured Lending;200;0,4;770,51;SEK;;1;USD;US8722801029;
2025-07-18;PSW Worldwide;Utländsk källskatt;Utdelning STWD.N 0.48 USD/aktie 15%;20;;-13,87;SEK;;1;;US85571B1052;
2025-07-18;PSW Worldwide;Utdelning;Starwood Property Trust;20;0,48;92,46;SEK;;1;USD;US85571B1052;
2025-07-18;PSW Worldwide;Utländsk källskatt;Utdelning CPT 1.05 USD/aktie 15%;15;;-22,75;SEK;;1;;US1331311027;
2025-07-18;PSW Worldwide;Utdelning;Camden Property Trust;15;1,05;151,7;SEK;;1;USD;US1331311027;
2025-07-18;PSW Worldwide;Utländsk källskatt;Utdelning MPW 0.08 USD/aktie 15%;320;;-36,98;SEK;;1;;US58463J3041;
2025-07-18;PSW Worldwide;Utdelning;Medical Properties Trust;320;0,08;246,56;SEK;;1;USD;US58463J3041;
2025-07-16;PSW Worldwide;Utländsk källskatt;Utdelning TRYG 2.05 DKK/aktie 27%;20;;-16,74;SEK;;1;;DK0060636678;
2025-07-16;PSW Worldwide;Utdelning;Tryg;20;2,05;62,01;SEK;;1;DKK;DK0060636678;
2025-07-16;PSW Worldwide;Utländsk källskatt;Utdelning LOAN.O 0.115 USD/aktie 15%;80;;-13,47;SEK;;1;;US5628031065;
2025-07-16;PSW Worldwide;Utdelning;Manhattan Bridge Capital;80;0,115;89,81;SEK;;1;USD;US5628031065;
2025-07-16;PSW Worldwide;Utländsk källskatt;Utdelning MAIN.N 0.255 USD/aktie 15%;170;;-63,48;SEK;;1;;US56035L1044;
2025-07-16;PSW Worldwide;Utdelning;Main Street Capital;170;0,255;423,19;SEK;;1;USD;US56035L1044;
2025-07-16;PSW Worldwide;Utländsk källskatt;Utdelning O.N 0.269 USD/aktie 15%;148;;-58,3;SEK;;1;;US7561091049;
2025-07-16;PSW Worldwide;Utdelning;Realty Income REIT;148;0,269;388,65;SEK;;1;USD;US7561091049;
2025-07-16;PSW Worldwide;Utländsk källskatt;Utdelning WPC 0.9 USD/aktie 15%;83;;-109,39;SEK;;1;;US92936U1097;
2025-07-16;PSW Worldwide;Utdelning;W. P. Carey REIT;83;0,9;729,24;SEK;;1;USD;US92936U1097;
2025-07-16;PSW Worldwide;Utländsk källskatt;Utdelning STAG.N 0.124167 USD/aktie 15%;100;;-18,18;SEK;;1;;US85254J1025;
2025-07-16;PSW Worldwide;Utdelning;Stag Industrial;100;0,124167;121,21;SEK;;1;USD;US85254J1025;
2025-07-16;PSW Worldwide;Utländsk källskatt;Utdelning SLG.N 0.2575 USD/aktie 15%;34;;-12,82;SEK;;1;;US78440X8873;
2025-07-16;PSW Worldwide;Utdelning;Sl Green Realty;34;0,2575;85,47;SEK;;1;USD;US78440X8873;
2025-07-16;PSW Worldwide;Utländsk källskatt;Utdelning OBDC.N 0.37 USD/aktie 15%;60;;-32,51;SEK;;1;;US69121K1043;
2025-07-16;PSW Worldwide;Utdelning;Blue Owl Capital;60;0,37;216,72;SEK;;1;USD;US69121K1043;
2025-07-16;PSW Worldwide;Utländsk källskatt;Utdelning NFG 0.535 USD/aktie 15%;6;;-4,7;SEK;;1;;US6361801011;
2025-07-16;PSW Worldwide;Utdelning;National Fuel Gas;6;0,535;31,34;SEK;;1;USD;US6361801011;
2025-07-16;PSW Worldwide;Utländsk källskatt;Utdelning MDV.N 0.0975 USD/aktie 15%;55;;-7,85;SEK;;1;;US60784B1017;
2025-07-16;PSW Worldwide;Utdelning;Modiv;55;0,0975;52,35;SEK;;1;USD;US60784B1017;
2025-07-16;PSW Worldwide;Utländsk källskatt;Utdelning EPR.N 0.295 USD/aktie 15%;175;;-75,6;SEK;;1;;US26884U1097;
2025-07-16;PSW Worldwide;Utdelning;EPR Properties;175;0,295;503,97;SEK;;1;USD;US26884U1097;
2025-07-16;PSW Worldwide;Utländsk källskatt;Utdelning BXMT.K 0.47 USD/aktie 15%;34;;-23,4;SEK;;1;;US09257W1009;
2025-07-16;PSW Worldwide;Utdelning;Blackstone Mortgage Trust;34;0,47;156;SEK;;1;USD;US09257W1009;
2025-07-16;PSW Worldwide;Utländsk källskatt;Utdelning ARE 1.32 USD/aktie 15%;10;;-19,33;SEK;;1;;US0152711091;
2025-07-16;PSW Worldwide;Utdelning;Alexandria Real Estate Equities;10;1,32;128,86;SEK;;1;USD;US0152711091;
2025-07-16;PSW Worldwide;Utländsk källskatt;Utdelning ADC 0.256 USD/aktie 15%;20;;-7,5;SEK;;1;;US0084921008;
2025-07-16;PSW Worldwide;Utdelning;Agree Realty REIT;20;0,256;49,98;SEK;;1;USD;US0084921008;
2025-07-16;PSW Worldwide;Utländsk källskatt;Utdelning AD_U.TO 0.34 CAD/aktie 15%;50;;-18,1;SEK;;1;;CAC010971017;
2025-07-16;PSW Worldwide;Utdelning;Alaris Equity Partners Income Trust Units;50;0,34;120,66;SEK;;1;CAD;CAC010971017;
2025-07-16;PSW Worldwide;Utländsk källskatt;Utdelning NWH_U.TO 0.03 CAD/aktie 15%;550;;-17,57;SEK;;1;;CA6674951059;
2025-07-16;PSW Worldwide;Utdelning;Northwest Healthcare Properties Real Estate Investment Trust Unit;550;0,03;117,11;SEK;;1;CAD;CA6674951059;
2025-07-16;PSW Worldwide;Utländsk källskatt;Utdelning HR_U.TO 0.05 CAD/aktie 15%;260;;-13,84;SEK;;1;;CA4039254079;
2025-07-16;PSW Worldwide;Utdelning;H&R Real Estate Investment Trust Unit;260;0,05;92,27;SEK;;1;CAD;CA4039254079;
2025-07-16;PSW Worldwide;Utländsk källskatt;Utdelning EIF.TO 0.22 CAD/aktie 15%;130;;-30,45;SEK;;1;;CA3012831077;
2025-07-16;PSW Worldwide;Utdelning;Exchange Income Corp;130;0,22;203;SEK;;1;CAD;CA3012831077;
2025-07-16;PSW Worldwide;Utländsk källskatt;Utdelning DE.V 0.045 CAD/aktie 15%;2000;;-95,82;SEK;;1;;CA24345T1003;
2025-07-16;PSW Worldwide;Utdelning;Decisive Dividend Corp;2000;0,045;638,8;SEK;;1;CAD;CA24345T1003;
2025-07-16;PSW Worldwide;Utländsk källskatt;Utdelning ADN.TO 0.29 CAD/aktie 15%;80;;-24,7;SEK;;1;;CA0042721005;
2025-07-16;PSW Worldwide;Utdelning;Acadian Timber Corp;80;0,29;164,67;SEK;;1;CAD;CA0042721005;
2025-07-16;PSW Worldwide;Utländsk källskatt;Utdelning PM.N 0.1215 USD/aktie 15%;10;;-1,78;SEK;;1;;US7181721090;
2025-07-16;PSW Worldwide;Utdelning;Philip Morris;10;0,1215;11,86;SEK;;1;USD;US7181721090;
2025-07-16;PSW Worldwide;Utdelning;Philip Morris;10;1,2285;119,93;SEK;;1;USD;US7181721090;
2025-07-16;PSW Worldwide;Utländsk källskatt;Utdelning HRZN.O 0.11 USD/aktie 15%;160;;-25,77;SEK;;1;;US44045A1025;
2025-07-16;PSW Worldwide;Utdelning;Horizon Technology Finance;160;0,11;171,81;SEK;;1;USD;US44045A1025;
2025-07-15;PSW Worldwide;Utländsk källskatt;Utdelning MDLZ 0.47 USD/aktie 15%;10;;-6,78;SEK;;1;;US6092071058;
2025-07-15;PSW Worldwide;Utdelning;Mondelez International A;10;0,47;45,18;SEK;;1;USD;US6092071058;
2025-07-15;PSW Worldwide;Utländsk källskatt;Utdelning EPRT.K 0.3 USD/aktie 15%;11;;-4,76;SEK;;1;;US29670E1073;
2025-07-15;PSW Worldwide;Utdelning;Essential Properties Realty Trust;11;0,3;31,73;SEK;;1;USD;US29670E1073;
2025-07-15;PSW Worldwide;Utländsk källskatt;Utdelning BCE.TO 0.4375 CAD/aktie 15%;25;;-11,53;SEK;;1;;CA05534B7604;
2025-07-15;PSW Worldwide;Utdelning;BCE;25;0,4375;76,84;SEK;;1;CAD;CA05534B7604;
2025-07-14;PSW Worldwide;Utländsk källskatt;Utdelning HASI.N 0.42 USD/aktie 15%;30;;-18,08;SEK;;1;;US41068X1000;
2025-07-14;PSW Worldwide;Utdelning;Hannon Armstrong Sustainable Infrastructure;30;0,42;120,52;SEK;;1;USD;US41068X1000;
2025-07-14;PSW Worldwide;Utländsk källskatt;Utdelning PPGP_P.OL 2.5 NOK/aktie 25%;15;;-8,88;SEK;;1;;NO0010735681;
2025-07-14;PSW Worldwide;Utdelning;Pioneer Property Group Pref;15;2,5;35,52;SEK;;1;NOK;NO0010735681;
2025-07-14;PSW Worldwide;Utländsk källskatt;Utdelning BEN.N 0.32 USD/aktie 15%;20;;-9,18;SEK;;1;;US3546131018;
2025-07-14;PSW Worldwide;Utdelning;Franklin Resources;20;0,32;61,21;SEK;;1;USD;US3546131018;
2025-07-14;PSW Worldwide;Köp;Aker Solutions;30;33,3;-952,85;SEK;1,43;0,952375;NOK;NO0010716582;
2025-07-11;PSW Worldwide;Utländsk källskatt;Utdelning AGNC.O 0.12 USD/aktie 15%;190;;-32,54;SEK;;1;;US00123Q1040;
2025-07-11;PSW Worldwide;Utdelning;AGNC Investment;190;0,12;216,96;SEK;;1;USD;US00123Q1040;
2025-07-11;PSW Worldwide;Utländsk källskatt;Utdelning DS.TO 0.05475 CAD/aktie 15%;160;;-9,13;SEK;;1;;CA2553801077;
2025-07-11;PSW Worldwide;Utdelning;Dividend Select 15 Corp;160;0,05475;60,87;SEK;;1;CAD;CA2553801077;
2025-07-11;PSW Worldwide;Utländsk källskatt;Utdelning VICI.K 0.4325 USD/aktie 15%;35;;-21,61;SEK;;1;;US9256521090;
2025-07-11;PSW Worldwide;Utdelning;VICI Properties;35;0,4325;144,04;SEK;;1;USD;US9256521090;
2025-07-11;PSW Worldwide;Utländsk källskatt;Utdelning MO 1.02 USD/aktie 15%;68;;-99;SEK;;1;;US02209S1033;
2025-07-11;PSW Worldwide;Utdelning;Altria Group;68;1,02;660,01;SEK;;1;USD;US02209S1033;
2025-07-10;PSW Sverige;Utdelning;Solnaberg Property;20;2;40;SEK;;;SEK;SE0009155211;
2025-07-10;PSW Worldwide;Utdelning;Himalaya Shipping;115;0,30207;32,71;SEK;;1;NOK;BMG4660A1036;
2025-07-09;PSW Sverige;Utdelning;Bilia A;40;1,4;56;SEK;;;SEK;SE0009921588;
2025-07-09;PSW Worldwide;Utländsk källskatt;Utdelning REI_U.TO 0.0965 CAD/aktie 15%;150;;-15,08;SEK;;1;;CA7669101031;
2025-07-09;PSW Worldwide;Utdelning;RioCan Real Estate Investment Trust Unit;150;0,0965;100,51;SEK;;1;CAD;CA7669101031;
2025-07-08;PSW Worldwide;Utländsk källskatt;Utdelning AEGN.AS 0.19 EUR/aktie 15%;70;;-22,23;SEK;;1;;BMG0112X1056;
2025-07-08;PSW Worldwide;Utdelning;AEGON;70;0,19;148,17;SEK;;1;EUR;BMG0112X1056;
2025-07-08;PSW Worldwide;Utländsk källskatt;Utdelning HOTD.ED 5.23 EUR/aktie 26%;3;;-46,1;SEK;;1;;DE0006070006;
2025-07-08;PSW Worldwide;Utdelning;Hochtief AG;3;5,23;174,79;SEK;;1;EUR;DE0006070006;
2025-07-07;PSW Worldwide;Köp;Industria De Diseno Textil SA;7;43,57;-3426,3;SEK;11,18;11,175168;EUR;ES0148396007;
2025-07-07;PSW Sverige;Utdelning;Cibus Nordic Real Estate;350;0,88728;310,55;SEK;;;SEK;SE0010832204;
2025-07-07;PSW Worldwide;Köp;Frontline;10;181;-1711,54;SEK;1,89;0,944561;NOK;CY0200352116;
2025-07-07;PSW Sverige;Köp;Creades A;17;77;-1310,96;SEK;1,96;;SEK;SE0015661236;
2025-07-04;PSW Worldwide;Utländsk källskatt;Utdelning WHF.O 0.385 USD/aktie 15%;150;;-82,48;SEK;;1;;US96524V1061;
2025-07-04;PSW Worldwide;Utdelning;WhiteHorse Finance;150;0,385;549,89;SEK;;1;USD;US96524V1061;
2025-07-04;PSW Worldwide;Utländsk källskatt;Utdelning IRM.N 0.785 USD/aktie 15%;154;;-172,66;SEK;;1;;US46284V1017;
2025-07-04;PSW Worldwide;Utdelning;Iron Mountain REIT;154;0,785;1151,1;SEK;;1;USD;US46284V1017;
2025-07-03;PSW Sverige;Utdelning;Kallebäck Property Invest;15;3;45;SEK;;;SEK;SE0005704079;
2025-07-03;PSW Worldwide;Utländsk källskatt;Utdelning TOTF.PA 0.85 EUR/aktie 25%;70;;-166,77;SEK;;1;;FR0000120271;
2025-07-03;PSW Worldwide;Utdelning;TotalEnergies SE;70;0,85;667,07;SEK;;1;EUR;FR0000120271;
2025-07-03;PSW Worldwide;Utländsk källskatt;Utdelning SALM.OL 22 NOK/aktie 25%;10;;-52,09;SEK;;1;;NO0010310956;
2025-07-03;PSW Worldwide;Utdelning;SalMar;10;22;208,34;SEK;;1;NOK;NO0010310956;
2025-07-03;PSW Worldwide;Utländsk källskatt;Utdelning GPC 1.03 USD/aktie 15%;3;;-4,42;SEK;;1;;US3724601055;
2025-07-03;PSW Worldwide;Utdelning;Genuine Parts;3;1,03;29,47;SEK;;1;USD;US3724601055;
2025-07-03;PSW Worldwide;Uttag;Uttag till 33007510020816;;;-10000;SEK;;1;;;
2025-07-02;PSW Sverige;Utdelning;Corem Property Group D;135;5;675;SEK;;;SEK;SE0015961594;
2025-07-02;PSW Sverige;Utdelning;Logistri B;10;1,3;13;SEK;;;SEK;SE0010414615;
2025-07-02;PSW Sverige;Utdelning;Sagax D;100;0,5;50;SEK;;;SEK;SE0009161052;
2025-07-02;PSW Sverige;Utdelning;ALM Equity Pref;340;2,1;714;SEK;;;SEK;SE0004109627;
2025-07-02;PSW Worldwide;Utländsk källskatt;Utdelning DX 0.17 USD/aktie 15%;220;;-53,41;SEK;;1;;US26817Q8868;
2025-07-02;PSW Worldwide;Utdelning;Dynex Capital;220;0,17;356,09;SEK;;1;USD;US26817Q8868;
2025-07-02;PSW Worldwide;Utländsk källskatt;Utdelning UGI.N 0.375 USD/aktie 15%;16;;-8,57;SEK;;1;;US9026811052;
2025-07-02;PSW Worldwide;Utdelning;UGI;16;0,375;57,13;SEK;;1;USD;US9026811052;
2025-07-02;PSW Worldwide;Utländsk källskatt;Utdelning PFLT 0.1025 USD/aktie 15%;290;;-42,45;SEK;;1;;US70806A1060;
2025-07-02;PSW Worldwide;Utdelning;PennantPark Floating Rate;290;0,1025;283,01;SEK;;1;USD;US70806A1060;
2025-07-02;PSW Worldwide;Utländsk källskatt;Utdelning OXLC.O 0.09 USD/aktie 15%;460;;-59,13;SEK;;1;;US6915431026;
2025-07-02;PSW Worldwide;Utdelning;Oxford Lane Capital;460;0,09;394,17;SEK;;1;USD;US6915431026;
2025-07-02;PSW Worldwide;Utländsk källskatt;Utdelning KO 0.51 USD/aktie 15%;110;;-80,12;SEK;;1;;US1912161007;
2025-07-02;PSW Worldwide;Utdelning;Coca-Cola;110;0,51;534,13;SEK;;1;USD;US1912161007;
2025-07-02;PSW Worldwide;Utländsk källskatt;Utdelning PPL 0.2725 USD/aktie 15%;90;;-35,02;SEK;;1;;US69351T1060;
2025-07-02;PSW Worldwide;Utdelning;PPL;90;0,2725;233,5;SEK;;1;USD;US69351T1060;
2025-07-02;PSW Worldwide;Utländsk källskatt;Utdelning NJR 0.45 USD/aktie 15%;20;;-12,85;SEK;;1;;US6460251068;
2025-07-02;PSW Worldwide;Utdelning;NewJersey Resources;20;0,45;85,69;SEK;;1;USD;US6460251068;
2025-07-02;PSW Worldwide;Utländsk källskatt;Utdelning WSBC.O 0.37 USD/aktie 15%;16;;-8,45;SEK;;1;;US9508101014;
2025-07-02;PSW Worldwide;Utdelning;WesBanco;16;0,37;56,36;SEK;;1;USD;US9508101014;
2025-07-02;PSW Worldwide;Utländsk källskatt;Utdelning BAX 0.17 USD/aktie 15%;10;;-2,43;SEK;;1;;US0718131099;
2025-07-02;PSW Worldwide;Utdelning;Baxter International;10;0,17;16,19;SEK;;1;USD;US0718131099;
2025-07-02;PSW Sverige;Övrigt;Logistri B;90;;;;;;;SE0025197627;
2025-07-02;PSW Sverige;Övrigt;Logistri A;10;;;;;;;SE0025197619;
2025-07-02;PSW Sverige;Övrigt;Logistri B;-10;;;;;;;SE0010414615;
2025-07-01;PSW Worldwide;Utländsk källskatt;Utdelning LTC 0.19 USD/aktie 15%;60;;-16,15;SEK;;1;;US5021751020;
2025-07-01;PSW Worldwide;Utdelning;Ltc Properties;60;0,19;107,64;SEK;;1;USD;US5021751020;
2025-07-01;PSW Worldwide;Utländsk källskatt;Utdelning LAND.O 0.0467 USD/aktie 15%;60;;-3,97;SEK;;1;;US3765491010;
2025-07-01;PSW Worldwide;Utdelning;Gladstone Land;60;0,0467;26,46;SEK;;1;USD;US3765491010;
2025-07-01;PSW Worldwide;Utländsk källskatt;Utdelning GAIN.O 0.08 USD/aktie 15%;200;;-22,66;SEK;;1;;US3765461070;
2025-07-01;PSW Worldwide;Utdelning;Gladstone Investment;200;0,08;151,08;SEK;;1;USD;US3765461070;
2025-07-01;PSW Worldwide;Utländsk källskatt;Utdelning GOOD.O 0.1 USD/aktie 15%;170;;-24,08;SEK;;1;;US3765361080;
2025-07-01;PSW Worldwide;Utdelning;Gladstone Commercial Real Estate Investment Trust;170;0,1;160,52;SEK;;1;USD;US3765361080;
2025-07-01;PSW Worldwide;Utländsk källskatt;Utdelning GLAD.O 0.165 USD/aktie 15%;125;;-29,21;SEK;;1;;US3765358789;
2025-07-01;PSW Worldwide;Utdelning;Gladstone Capital;125;0,165;194,75;SEK;;1;USD;US3765358789;
2025-07-01;KF Linn & Liva;Övrigt;Riskpremie;;;-1,01;SEK;;1;;;
2025-07-01;PSW Worldwide;Utländsk källskatt;Utdelning PLD 1.01 USD/aktie 15%;5;;-7,15;SEK;;1;;US74340W1036;
2025-07-01;PSW Worldwide;Utdelning;Prologis;5;1,01;47,68;SEK;;1;USD;US74340W1036;
2025-07-01;PSW Worldwide;Utländsk källskatt;Utdelning TPVG.K 0.3 USD/aktie 15%;300;;-127,47;SEK;;1;;US89677Y1001;
2025-07-01;PSW Worldwide;Utdelning;TriplePoint Venture Growth;300;0,3;849,81;SEK;;1;USD;US89677Y1001;
2025-07-01;PSW Worldwide;Utländsk källskatt;Utdelning TSLX.K 0.46 USD/aktie 15%;50;;-32,58;SEK;;1;;US83012A1097;
2025-07-01;PSW Worldwide;Utdelning;Sixth Street Specialty Lending;50;0,46;217,17;SEK;;1;USD;US83012A1097;
2025-07-01;PSW Worldwide;Utländsk källskatt;Utdelning OCSL.O 0.02 USD/aktie 15%;70;;-1,98;SEK;;1;;US67401P4054;
2025-07-01;PSW Worldwide;Utdelning;Oaktree Specialty;70;0,02;13,22;SEK;;1;USD;US67401P4054;
2025-07-01;PSW Worldwide;Utländsk källskatt;Utdelning OCSL.O 0.4 USD/aktie 15%;70;;-39,66;SEK;;1;;US67401P4054;
2025-07-01;PSW Worldwide;Utdelning;Oaktree Specialty;70;0,4;264,39;SEK;;1;USD;US67401P4054;
2025-07-01;PSW Worldwide;Utländsk källskatt;Utdelning NMFC.N 0.32 USD/aktie 15%;450;;-203,96;SEK;;1;;US6475511001;
2025-07-01;PSW Worldwide;Utdelning;New Mountain Finance Corp;450;0,32;1359,7;SEK;;1;USD;US6475511001;
2025-07-01;PSW Worldwide;Utländsk källskatt;Utdelning MRCC.O 0.25 USD/aktie 15%;122;;-43,2;SEK;;1;;US6103351010;
2025-07-01;PSW Worldwide;Utdelning;Monroe Capital;122;0,25;287,99;SEK;;1;USD;US6103351010;
2025-07-01;PSW Worldwide;Utländsk källskatt;Utdelning KEY.TO 0.52 CAD/aktie 15%;60;;-32,4;SEK;;1;;CA4932711001;
2025-07-01;PSW Worldwide;Utdelning;Keyera Corp;60;0,52;216,01;SEK;;1;CAD;CA4932711001;
2025-07-01;PSW Worldwide;Utländsk källskatt;Utdelning DLR 1.22 USD/aktie 15%;60;;-103,68;SEK;;1;;US2538681030;
2025-07-01;PSW Worldwide;Utdelning;Digital Realty Trust;60;1,22;691,18;SEK;;1;USD;US2538681030;
2025-07-01;PSW Worldwide;Utländsk källskatt;Utdelning CCI 1.0625 USD/aktie 15%;55;;-82,77;SEK;;1;;US22822V1017;
2025-07-01;PSW Worldwide;Utdelning;Crown Castle;55;1,0625;551,79;SEK;;1;USD;US22822V1017;
2025-07-01;PSW Worldwide;Utländsk källskatt;Utdelning CSWC.O 0.06 USD/aktie 15%;63;;-5,35;SEK;;1;;US1405011073;
2025-07-01;PSW Worldwide;Utdelning;Capital Southwest;63;0,06;35,69;SEK;;1;USD;US1405011073;
2025-07-01;PSW Worldwide;Utländsk källskatt;Utdelning CSWC.O 0.58 USD/aktie 15%;63;;-51,75;SEK;;1;;US1405011073;
2025-07-01;PSW Worldwide;Utdelning;Capital Southwest;63;0,58;345,02;SEK;;1;USD;US1405011073;
2025-07-01;PSW Worldwide;Utländsk källskatt;Utdelning ARCC 0.48 USD/aktie 15%;175;;-118,97;SEK;;1;;US04010L1035;
2025-07-01;PSW Worldwide;Utdelning;Ares Capital;175;0,48;793,16;SEK;;1;USD;US04010L1035;
2025-07-01;PSW Worldwide;Utländsk källskatt;Utdelning CTO 0.38 USD/aktie 15%;100;;-53,82;SEK;;1;;US22948Q1013;
2025-07-01;PSW Worldwide;Utdelning;CTO Realty Growth;100;0,38;358,81;SEK;;1;USD;US22948Q1013;
2025-07-01;PSW Worldwide;Utländsk källskatt;Utdelning SPG.N 2.1 USD/aktie 15%;30;;-89,23;SEK;;1;;US8288061091;
2025-07-01;PSW Worldwide;Utdelning;Simon Property Group;30;2,1;594,87;SEK;;1;USD;US8288061091;
2025-07-01;PSW Worldwide;Utländsk källskatt;Utdelning PEPSICO 1.4225 USD/aktie 15%;38;;-76,56;SEK;;1;;US7134481081;
2025-07-01;PSW Worldwide;Utdelning;PepsiCo;38;1,4225;510,41;SEK;;1;USD;US7134481081;
2025-07-01;PSW Worldwide;Utländsk källskatt;Utdelning MTB 1.35 USD/aktie 15%;5;;-9,56;SEK;;1;;US55261F1049;
2025-07-01;PSW Worldwide;Utdelning;M&T Bank;5;1,35;63,74;SEK;;1;USD;US55261F1049;
2025-07-01;PSW Worldwide;Utländsk källskatt;Utdelning EFC.N 0.13 USD/aktie 15%;455;;-83,78;SEK;;1;;US28852N1090;
2025-07-01;PSW Worldwide;Utdelning;Ellington Financial;455;0,13;558,51;SEK;;1;USD;US28852N1090;
2025-07-01;PSW Worldwide;Utländsk källskatt;Utdelning BEPC.TO 0.513173 CAD/aktie 15%;258;;-137,5;SEK;;1;;CA11285B1085;
2025-07-01;PSW Worldwide;Utdelning;Brookfield Renewable A;258;0,513173;916,65;SEK;;1;CAD;CA11285B1085;
2025-07-01;PSW Worldwide;Utländsk källskatt;Utdelning BIPC.TO 0.591594 CAD/aktie 15%;135;;-82,94;SEK;;1;;CA11276H1064;
2025-07-01;PSW Worldwide;Utdelning;Brookfield Infrastructure;135;0,591594;552,94;SEK;;1;CAD;CA11276H1064;
2025-07-01;PSW Worldwide;Övrigt;Riskpremie;;;-11,9;SEK;;1;;;
2025-07-01;Målsparande;Köp;Öhman Emerging Markets A;0,3821;261,67;-99,98;SEK;0;;SEK;SE0004578615;
2025-06-30;PSW Sverige;Ränta;;;;0,25;SEK;;1;;;
2025-06-30;PSW Worldwide;Ränta;;;;0,84;SEK;;1;;;
2025-06-30;Målsparande;Köp;Carnegie Strategy 3 SEK Cap;0,0159;9411,8953;-149,65;SEK;0;;SEK;LU0075898758;
2025-06-30;PSW Worldwide;Utländsk källskatt;Utdelning MAIN.N 0.3 USD/aktie 15%;170;;-72,53;SEK;;1;;US56035L1044;
2025-06-30;PSW Worldwide;Utdelning;Main Street Capital;170;0,3;483,54;SEK;;1;USD;US56035L1044;
2025-06-30;PSW Worldwide;Utländsk källskatt;Utdelning MPCC-ME 0.8031 NOK/aktie 25%;1800;;-338,55;SEK;;1;;NO0010791353;
2025-06-30;PSW Worldwide;Utdelning;MPC Container Ships;1800;0,8031;1354,18;SEK;;1;NOK;NO0010791353;
2025-06-30;PSW Worldwide;Utländsk källskatt;Utdelning PEAK.K 0.10167 USD/aktie 15%;97;;-14,03;SEK;;1;;US42250P1030;
2025-06-30;PSW Worldwide;Utdelning;Healthpeak Properties;97;0,10167;93,5;SEK;;1;USD;US42250P1030;
2025-06-30;PSW Worldwide;Utländsk källskatt;Utdelning ARR 0.24 USD/aktie 15%;68;;-23,21;SEK;;1;;US0423157058;
2025-06-30;PSW Worldwide;Utdelning;Armour Residential Reit;68;0,24;154,73;SEK;;1;USD;US0423157058;
2025-06-30;PSW Worldwide;Utländsk källskatt;Utdelning SLRC 0.41 USD/aktie 15%;155;;-90,38;SEK;;1;;US83413U1007;
2025-06-30;PSW Worldwide;Utdelning;SLR Investment;155;0,41;602,53;SEK;;1;USD;US83413U1007;
2025-06-30;PSW Worldwide;Utländsk källskatt;Utdelning TROW 1.27 USD/aktie 15%;30;;-54,18;SEK;;1;;US74144T1088;
2025-06-30;PSW Worldwide;Utdelning;T. Rowe Price Group;30;1,27;361,23;SEK;;1;USD;US74144T1088;
2025-06-30;PSW Worldwide;Utländsk källskatt;Utdelning GLPI.O 0.78 USD/aktie 15%;60;;-66,56;SEK;;1;;US36467J1088;
2025-06-30;PSW Worldwide;Utdelning;Gaming and Leisure Properties;60;0,78;443,72;SEK;;1;USD;US36467J1088;
2025-06-30;PSW Worldwide;Utdelning;SFL;34;0,27;87,04;SEK;;1;USD;BMG7738W1064;
2025-06-30;PSW Worldwide;Utländsk källskatt;Utdelning ORC 0.12 USD/aktie 15%;156;;-26,62;SEK;;1;;US68571X3017;
2025-06-30;PSW Worldwide;Utdelning;Orchid Island Capital;156;0,12;177,49;SEK;;1;USD;US68571X3017;
2025-06-30;PSW Worldwide;Utländsk källskatt;Utdelning KHC 0.4 USD/aktie 15%;10;;-5,69;SEK;;1;;US5007541064;
2025-06-30;PSW Worldwide;Utdelning;Kraft Heinz;10;0,4;37,92;SEK;;1;USD;US5007541064;
2025-06-30;PSW Sverige;Köp;Ericsson B;9;80,66;-727,03;SEK;1,09;;SEK;SE0000108656;
2025-06-30;PSW Worldwide;Köp;Yara International;2;369,4;-696,92;SEK;1,05;0,941894;NOK;NO0010208051;
2025-06-30;PSW Worldwide;Köp;PetroNor E&P;160;11,1;-1674,68;SEK;1,88;0,941894;NOK;NO0012942525;
2025-06-30;Målsparande;Köp;Spiltan Högräntefond;1,0981;136,59;-149,99;SEK;0;;SEK;SE0005798329;
2025-06-30;Målsparande;Köp;Spiltan Aktiefond Investmentbolag;0,1914;783,58;-149,98;SEK;0;;SEK;SE0004297927;
2025-06-30;KF Linn & Liva;Köp;Öhman Emerging Markets A;0,9539;262,08;-250;SEK;0;;SEK;SE0004578615;
2025-06-30;KF Linn & Liva;Köp;Swedbank Robur Small Cap Global A;0,7065;141,54;-100;SEK;0;;SEK;SE0000539439;
2025-06-27;Målsparande;Köp;AMF Balansfond;0,3592;417,58;-149,99;SEK;0;;SEK;SE0000739179;
2025-06-27;Målsparande;Köp;AMF Aktiefond Global;0,7879;380,75;-299,99;SEK;0;;SEK;SE0000862278;
2025-06-27;PSW Worldwide;Utdelning;Frontline;65;1,81756;110,84;SEK;;1;NOK;CY0200352116;
2025-06-27;PSW Worldwide;Utländsk källskatt;Utdelning QCOM 0.89 USD/aktie 15%;31;;-39,15;SEK;;1;;US7475251036;
2025-06-27;PSW Worldwide;Utdelning;QUALCOMM;31;0,89;260,97;SEK;;1;USD;US7475251036;
2025-06-27;PSW Worldwide;Utländsk källskatt;Utdelning LUMI 0.190448 SEK/aktie [0,0275 CAD] 25%;10;;-0,47;SEK;;;;CA5503721063;
2025-06-27;PSW Worldwide;Utdelning;Lundin Mining Corporation;10;0,190448;1,9;SEK;;;SEK;CA5503721063;
2025-06-27;KF Linn & Liva;Köp;Spiltan Aktiefond Investmentbolag;0,1306;765,21;-99,94;SEK;0;;SEK;SE0004297927;
2025-06-26;KF Linn & Liva;Köp;TIN Ny Teknik A;0,9931;151,0365;-149,99;SEK;0;;SEK;SE0012193019;
2025-06-26;KF Linn & Liva;Köp;AMF Aktiefond Småbolag;0,0812;1231,2;-99,97;SEK;0;;SEK;SE0001185000;
2025-06-26;KF Linn & Liva;Köp;AMF Aktiefond Global;0,7978;376,03;-300;SEK;0;;SEK;SE0000862278;
2025-06-26;PSW Worldwide;Utländsk källskatt;Utdelning PST.MI 0.75 EUR/aktie 26%;25;;-53,98;SEK;;1;;IT0003796171;
2025-06-26;PSW Worldwide;Utdelning;POSTE ITALIANE SPA EO-,51;25;0,75;207,61;SEK;;1;EUR;IT0003796171;
2025-06-26;PSW Worldwide;Utländsk källskatt;Utdelning 2020B.OL 1.08569 NOK/aktie 25%;215;;-54,85;SEK;;1;;BMG9156K1018;
2025-06-26;PSW Worldwide;Utdelning;2020 Bulkers;215;1,08569;219,39;SEK;;1;NOK;BMG9156K1018;
2025-06-26;PSW Worldwide;Utdelning;Vonovia SE;91;1,22;1229,25;SEK;;1;EUR;DE000A1ML7J1;
2025-06-26;Målsparande;Insättning;Autogiroinsättning;;;1000;SEK;;1;;;
2025-06-26;KF Linn & Liva;Insättning;Autogiroinsättning;;;1000;SEK;;1;;;
2025-06-25;PSW Worldwide;Utländsk källskatt;Utdelning SAR 0.25 USD/aktie 15%;19;;-6,77;SEK;;1;;US80349A2087;
2025-06-25;PSW Worldwide;Utdelning;Saratoga Investment New;19;0,25;45,13;SEK;;1;USD;US80349A2087;
2025-06-25;PSW Worldwide;Utdelning;Flex Lng;9;7,53142;63,36;SEK;;1;NOK;BMG359472021;
2025-06-24;PSW Sverige;Utdelning;G5 Entertainment;20;8;160;SEK;;;SEK;SE0001824004;
2025-06-24;PSW Sverige;Sälj;ROTTNEROS TR;-900;0,031;26,9;SEK;1;;SEK;SE0025197825;26,9
2025-06-23;PSW Worldwide;Utländsk källskatt;Utdelning RUBF.PA 2.03 EUR/aktie 25%;15;;-84,5;SEK;;1;;FR0013269123;
2025-06-23;PSW Worldwide;Utdelning;Rubis;15;2,03;338,02;SEK;;1;EUR;FR0013269123;
2025-06-23;PSW Worldwide;Utdelning;Noram Drilling;100;0,397;37,81;SEK;;1;NOK;NO0010360019;
2025-06-23;PSW Worldwide;Utdelning;Star Bulk Carriers;30;0,05;14,43;SEK;;1;USD;MHY8162K2046;
2025-06-23;PSW Worldwide;Utdelning;Golden Ocean Group;30;0,49575;14,17;SEK;;1;NOK;BMG396372051;
2025-06-23;PSW Worldwide;Utländsk källskatt;Utdelning TSLX.K 0.06 USD/aktie 15%;50;;-4,33;SEK;;1;;US83012A1097;
2025-06-23;PSW Worldwide;Utdelning;Sixth Street Specialty Lending;50;0,06;28,85;SEK;;1;USD;US83012A1097;
2025-06-23;PSW Worldwide;Köp;Alm. Brand;30;16,23;-729,34;SEK;1,49;1,494868;DKK;DK0015250344;
2025-06-23;PSW Worldwide;Köp;BW Offshore Limited;25;32;-767,44;SEK;1,15;0,957864;NOK;BMG1738J1247;
2025-06-19;PSW Worldwide;Utländsk källskatt;Utdelning PSEC.O 0.045 USD/aktie 15%;400;;-26,01;SEK;;1;;US74348T1025;
2025-06-19;PSW Worldwide;Utdelning;Prospect Capital;400;0,045;173,38;SEK;;1;USD;US74348T1025;
2025-06-18;PSW Worldwide;Utdelning;Okeanis Eco Tankers Corp.;20;3,21872;61,91;SEK;;1;NOK;MHY641771016;
2025-06-18;PSW Worldwide;Uttag;Uttag till 33007510020816;;;-4000;SEK;;1;;;
2025-06-17;PSW Worldwide;Utländsk källskatt;Utdelning ORI.N 0.29 USD/aktie 15%;109;;-44,88;SEK;;1;;US6802231042;
2025-06-17;PSW Worldwide;Utdelning;Old Republic International;109;0,29;299,2;SEK;;1;USD;US6802231042;
2025-06-17;PSW Worldwide;Utländsk källskatt;Utdelning MCD 1.77 USD/aktie 15%;22;;-55,29;SEK;;1;;US5801351017;
2025-06-17;PSW Worldwide;Utdelning;McDonald's;22;1,77;368,59;SEK;;1;USD;US5801351017;
2025-06-17;PSW Worldwide;Utländsk källskatt;Utdelning STAG.N 0.124167 USD/aktie 15%;100;;-17,63;SEK;;1;;US85254J1025;
2025-06-17;PSW Worldwide;Utdelning;Stag Industrial;100;0,124167;117,53;SEK;;1;USD;US85254J1025;
2025-06-17;PSW Worldwide;Utländsk källskatt;Utdelning SLG.N 0.2575 USD/aktie 15%;34;;-12,43;SEK;;1;;US78440X8873;
2025-06-17;PSW Worldwide;Utdelning;Sl Green Realty;34;0,2575;82,87;SEK;;1;USD;US78440X8873;
2025-06-17;PSW Worldwide;Utländsk källskatt;Utdelning MDV.N 0.0975 USD/aktie 15%;55;;-7,61;SEK;;1;;US60784B1017;
2025-06-17;PSW Worldwide;Utdelning;Modiv;55;0,0975;50,76;SEK;;1;USD;US60784B1017;
2025-06-17;PSW Worldwide;Utländsk källskatt;Utdelning EPR.N 0.295 USD/aktie 15%;175;;-73,3;SEK;;1;;US26884U1097;
2025-06-17;PSW Worldwide;Utdelning;EPR Properties;175;0,295;488,65;SEK;;1;USD;US26884U1097;
2025-06-17;PSW Worldwide;Utländsk källskatt;Utdelning VTRS.O 0.12 USD/aktie 15%;200;;-34,08;SEK;;1;;US92556V1061;
2025-06-17;PSW Worldwide;Utdelning;Viatris;200;0,12;227,17;SEK;;1;USD;US92556V1061;
2025-06-17;PSW Worldwide;Utländsk källskatt;Utdelning WHR 1.75 USD/aktie 15%;5;;-12,42;SEK;;1;;US9633201069;
2025-06-17;PSW Worldwide;Utdelning;Whirlpool;5;1,75;82,82;SEK;;1;USD;US9633201069;
2025-06-17;PSW Sverige;Övrigt;ROTTNEROS TR;900;;;;;;;SE0025197825;
2025-06-16;PSW Worldwide;Utländsk källskatt;Utdelning MAIN.N 0.25 USD/aktie 15%;170;;-60,03;SEK;;1;;US56035L1044;
2025-06-16;PSW Worldwide;Utdelning;Main Street Capital;170;0,25;400,22;SEK;;1;USD;US56035L1044;
2025-06-16;PSW Worldwide;Utländsk källskatt;Utdelning INVEST.HE 0.17 EUR/aktie 35%;10;;-6,51;SEK;;1;;FI0009900559;
2025-06-16;PSW Worldwide;Utdelning;Investors House;10;0,17;18,59;SEK;;1;EUR;FI0009900559;
2025-06-16;PSW Worldwide;Utländsk källskatt;Utdelning GAIN.O 0.54 USD/aktie 15%;200;;-152,55;SEK;;1;;US3765461070;
2025-06-16;PSW Worldwide;Utdelning;Gladstone Investment;200;0,54;1017,03;SEK;;1;USD;US3765461070;
2025-06-16;PSW Worldwide;Utländsk källskatt;Utdelning O.N 0.2685 USD/aktie 15%;148;;-56,13;SEK;;1;;US7561091049;
2025-06-16;PSW Worldwide;Utdelning;Realty Income REIT;148;0,2685;374,21;SEK;;1;USD;US7561091049;
2025-06-16;PSW Worldwide;Utländsk källskatt;Utdelning K 0.57 USD/aktie 15%;40;;-32,21;SEK;;1;;US4878361082;
2025-06-16;PSW Worldwide;Utdelning;Kellanova;40;0,57;214,71;SEK;;1;USD;US4878361082;
2025-06-16;PSW Worldwide;Utländsk källskatt;Utdelning KLG 0.165 USD/aktie 15%;20;;-4,66;SEK;;1;;US92942W1071;
2025-06-16;PSW Worldwide;Utdelning;Wk Kellogg Co;20;0,165;31,08;SEK;;1;USD;US92942W1071;
2025-06-16;PSW Worldwide;Utländsk källskatt;Utdelning OBDC.N 0.01 USD/aktie 15%;60;;-0,85;SEK;;1;;US69121K1043;
2025-06-16;PSW Worldwide;Utdelning;Blue Owl Capital;60;0,01;5,65;SEK;;1;USD;US69121K1043;
2025-06-16;PSW Worldwide;Utländsk källskatt;Utdelning GSBD.K 0.05 USD/aktie 15%;80;;-5,65;SEK;;1;;US38147U1079;
2025-06-16;PSW Worldwide;Utdelning;Goldman Sachs BDC;80;0,05;37,67;SEK;;1;USD;US38147U1079;
2025-06-16;PSW Worldwide;Utländsk källskatt;Utdelning ADC 0.256 USD/aktie 15%;20;;-7,23;SEK;;1;;US0084921008;
2025-06-16;PSW Worldwide;Utdelning;Agree Realty REIT;20;0,256;48,21;SEK;;1;USD;US0084921008;
2025-06-16;PSW Worldwide;Utländsk källskatt;Utdelning NWH_U.TO 0.03 CAD/aktie 15%;550;;-17,23;SEK;;1;;CA6674951059;
2025-06-16;PSW Worldwide;Utdelning;Northwest Healthcare Properties Real Estate Investment Trust Unit;550;0,03;114,84;SEK;;1;CAD;CA6674951059;
2025-06-16;PSW Worldwide;Utländsk källskatt;Utdelning HR_U.TO 0.05 CAD/aktie 15%;260;;-13,57;SEK;;1;;CA4039254079;
2025-06-16;PSW Worldwide;Utdelning;H&R Real Estate Investment Trust Unit;260;0,05;90,48;SEK;;1;CAD;CA4039254079;
2025-06-16;PSW Worldwide;Utländsk källskatt;Utdelning EIF.TO 0.22 CAD/aktie 15%;130;;-29,86;SEK;;1;;CA3012831077;
2025-06-16;PSW Worldwide;Utdelning;Exchange Income Corp;130;0,22;199,06;SEK;;1;CAD;CA3012831077;
2025-06-16;PSW Worldwide;Utländsk källskatt;Utdelning DE.V 0.045 CAD/aktie 15%;2000;;-93,96;SEK;;1;;CA24345T1003;
2025-06-16;PSW Worldwide;Utdelning;Decisive Dividend Corp;2000;0,045;626,4;SEK;;1;CAD;CA24345T1003;
2025-06-16;PSW Worldwide;Utdelning;ABL Group;728;0,45;311,79;SEK;;1;NOK;NO0010715394;
2025-06-16;PSW Worldwide;Utländsk källskatt;Utdelning HRZN.O 0.11 USD/aktie 15%;160;;-24,86;SEK;;1;;US44045A1025;
2025-06-16;PSW Worldwide;Utdelning;Horizon Technology Finance;160;0,11;165,74;SEK;;1;USD;US44045A1025;
2025-06-16;PSW Worldwide;Utdelning;UNILEVER PLC;24;0,4528;118,82;SEK;;1;EUR;GB00B10RZP78;
2025-06-16;PSW Worldwide;Utländsk källskatt;Utdelning PFE USD 0.43 USD/aktie 15%;70;;-42,52;SEK;;1;;US7170811035;
2025-06-16;PSW Worldwide;Utdelning;Pfizer;70;0,43;283,45;SEK;;1;USD;US7170811035;
2025-06-16;PSW Worldwide;Köp;Elopak;20;45,35;-869,49;SEK;1,3;0,957212;NOK;NO0011002586;
2025-06-16;PSW Worldwide;Köp;Gjensidige Forsikring;5;249,8;-1197,35;SEK;1,79;0,957212;NOK;NO0010582521;
2025-06-16;PSW Worldwide;Köp;Golden Ocean Group;15;78,9;-1134,56;SEK;1,7;0,957212;NOK;BMG396372051;
2025-06-13;PSW Worldwide;Utländsk källskatt;Utdelning AMUN.PA 4.25 EUR/aktie 25%;6;;-69,75;SEK;;1;;FR0004125920;
2025-06-13;PSW Worldwide;Utdelning;AMUNDI S.A.      EO 2,50;6;4,25;279,01;SEK;;1;EUR;FR0004125920;
2025-06-13;PSW Worldwide;Utdelning;BW Offshore Limited;40;0,63306;24,17;SEK;;1;NOK;BMG1738J1247;
2025-06-13;PSW Worldwide;Utländsk källskatt;Utdelning AUSS 6.5 NOK/aktie 25%;20;;-31,02;SEK;;1;;NO0010073489;
2025-06-13;PSW Worldwide;Utdelning;Austevoll Seafood;20;6,5;124,09;SEK;;1;NOK;NO0010073489;
2025-06-13;PSW Worldwide;Utdelning;BW LPG;51;2,82172;137,37;SEK;;1;NOK;SGXZ69436764;
2025-06-13;PSW Worldwide;Utländsk källskatt;Utdelning MMM 0.73 USD/aktie 15%;37;;-38,41;SEK;;1;;US88579Y1010;
2025-06-13;PSW Worldwide;Utdelning;3M;37;0,73;256,1;SEK;;1;USD;US88579Y1010;
2025-06-13;PSW Worldwide;Utländsk källskatt;Utdelning RTX 0.68 USD/aktie 15%;5;;-4,84;SEK;;1;;US75513E1010;
2025-06-13;PSW Worldwide;Utdelning;RTX;5;0,68;32,24;SEK;;1;USD;US75513E1010;
2025-06-13;PSW Worldwide;Utländsk källskatt;Utdelning PRU 1.35 USD/aktie 15%;4;;-7,68;SEK;;1;;US7443201022;
2025-06-13;PSW Worldwide;Utdelning;Prudential Financial;4;1,35;51,2;SEK;;1;USD;US7443201022;
2025-06-13;PSW Worldwide;Utländsk källskatt;Utdelning APAM.AS 0.5 EUR/aktie 15%;30;;-24,62;SEK;;1;;LU0569974404;
2025-06-13;PSW Worldwide;Utdelning;APERAM;30;0,5;164,12;SEK;;1;EUR;LU0569974404;
2025-06-12;PSW Worldwide;Utländsk källskatt;Utdelning BBDC.K 0.05 USD/aktie 15%;85;;-6,01;SEK;;1;;US06759L1035;
2025-06-12;PSW Worldwide;Utdelning;Barings;85;0,05;40,05;SEK;;1;USD;US06759L1035;
2025-06-12;PSW Worldwide;Utländsk källskatt;Utdelning BBDC.K 0.26 USD/aktie 15%;85;;-31,24;SEK;;1;;US06759L1035;
2025-06-12;PSW Worldwide;Utdelning;Barings;85;0,26;208,27;SEK;;1;USD;US06759L1035;
2025-06-12;PSW Worldwide;Utländsk källskatt;Utdelning YAR 5 NOK/aktie 25%;3;;-3,55;SEK;;1;;NO0010208051;
2025-06-12;PSW Worldwide;Utdelning;Yara International;3;5;14,21;SEK;;1;NOK;NO0010208051;
2025-06-12;PSW Worldwide;Utländsk källskatt;Utdelning ADM 0.51 USD/aktie 15%;7;;-5,05;SEK;;1;;US0394831020;
2025-06-12;PSW Worldwide;Utdelning;Archer Daniels Midland;7;0,51;33,64;SEK;;1;USD;US0394831020;
2025-06-11;PSW Worldwide;Utländsk källskatt;Utdelning AGNC.O 0.12 USD/aktie 15%;190;;-32,65;SEK;;1;;US00123Q1040;
2025-06-11;PSW Worldwide;Utdelning;AGNC Investment;190;0,12;217,7;SEK;;1;USD;US00123Q1040;
2025-06-11;PSW Worldwide;Utländsk källskatt;Utdelning DS.TO 0.053 CAD/aktie 15%;160;;-8,89;SEK;;1;;CA2553801077;
2025-06-11;PSW Worldwide;Utdelning;Dividend Select 15 Corp;160;0,053;59,27;SEK;;1;CAD;CA2553801077;
2025-06-11;PSW Worldwide;Utländsk källskatt;Utdelning JNJ 1.3 USD/aktie 15%;50;;-93,1;SEK;;1;;US4781601046;
2025-06-11;PSW Worldwide;Utdelning;Johnson & Johnson;50;1,3;620,64;SEK;;1;USD;US4781601046;
2025-06-11;PSW Sverige;Köp;Hufvudstaden A;7;121,7;-853,18;SEK;1,28;;SEK;SE0000170375;
2025-06-10;PSW Worldwide;Utdelning;LyondellBasell Industries Nv A;10;1,37;130,72;SEK;;1;USD;NL0009434992;
2025-06-10;PSW Worldwide;Utdelning;Panoro Energy;30;0,684;19,45;SEK;;1;NOK;NO0010564701;
2025-06-10;PSW Sverige;Köp;Elekta B;16;49,84;-798,64;SEK;1,2;;SEK;SE0000163628;
2025-06-09;PSW Worldwide;Köp;GALP ENERGIA-NOM;25;15,23;-4193,13;SEK;10,98;10,983992;EUR;PTGAL0AM0009;
2025-06-09;PSW Sverige;Köp;Sweco B;5;165,5;-828,74;SEK;1,24;;SEK;SE0014960373;
2025-06-09;PSW Worldwide;Utländsk källskatt;Utdelning ORAN.PA 0.45 EUR/aktie 25%;170;;-208,99;SEK;;1;;FR0000133308;
2025-06-09;PSW Worldwide;Utdelning;Orange.;170;0,45;835,94;SEK;;1;EUR;FR0000133308;
2025-06-09;PSW Worldwide;Utländsk källskatt;Utdelning REI_U.TO 0.0965 CAD/aktie 15%;150;;-15,19;SEK;;1;;CA7669101031;
2025-06-09;PSW Worldwide;Utdelning;RioCan Real Estate Investment Trust Unit;150;0,0965;101,26;SEK;;1;CAD;CA7669101031;
2025-06-09;PSW Worldwide;Utländsk källskatt;Utdelning LSG.OL 2.5 NOK/aktie 25%;105;;-62,42;SEK;;1;;NO0003096208;
2025-06-09;PSW Worldwide;Utdelning;Lerøy Seafood Group;105;2,5;249,69;SEK;;1;NOK;NO0003096208;
2025-06-09;PSW Worldwide;Utdelning;Himalaya Shipping;115;0,25296;27,67;SEK;;1;NOK;BMG4660A1036;
2025-06-05;PSW Worldwide;Utdelning;Odfjell Technology;30;1,52;43,11;SEK;;1;NOK;BMG6716L1081;
2025-06-05;PSW Worldwide;Utdelning;Hafnia;150;1,03004;146,06;SEK;;1;NOK;SGXZ53070850;
2025-06-05;PSW Worldwide;Utländsk källskatt;Utdelning HAS 0.7 USD/aktie 15%;10;;-9,97;SEK;;1;;US4180561072;
2025-06-05;PSW Worldwide;Utdelning;Hasbro;10;0,7;66,49;SEK;;1;USD;US4180561072;
2025-06-05;PSW Worldwide;Utdelning;TORM A;33;2,612;125,97;SEK;;1;DKK;GB00BZ3CNK81;
2025-06-04;PSW Worldwide;Utländsk källskatt;Utdelning BICP.PA 3.08 EUR/aktie 25%;12;;-100,84;SEK;;1;;FR0000120966;
2025-06-04;PSW Worldwide;Utdelning;Societe BIC SA;12;3,08;403,38;SEK;;1;EUR;FR0000120966;
2025-06-04;PSW Worldwide;Utländsk källskatt;Utdelning MOWI.OL 1.7 NOK/aktie 25%;20;;-8,05;SEK;;1;;NO0003054108;
2025-06-04;PSW Worldwide;Utdelning;Mowi;20;1,7;32,21;SEK;;1;NOK;NO0003054108;
2025-06-04;PSW Worldwide;Utländsk källskatt;Utdelning TEL 5 NOK/aktie 25%;46;;-54,47;SEK;;1;;NO0010063308;
2025-06-04;PSW Worldwide;Utdelning;Telenor;46;5;217,86;SEK;;1;NOK;NO0010063308;
2025-06-03;PSW Worldwide;Ränta;;;;0,01;SEK;;1;;;
2025-06-03;PSW Worldwide;Utländsk källskatt;Utdelning DX 0.17 USD/aktie 15%;220;;-53,76;SEK;;1;;US26817Q8868;
2025-06-03;PSW Worldwide;Utdelning;Dynex Capital;220;0,17;358,43;SEK;;1;USD;US26817Q8868;
2025-06-03;PSW Worldwide;Utländsk källskatt;Utdelning BTOH 1.5 NOK/aktie 25%;400;;-141,8;SEK;;1;;NO0010633951;
2025-06-03;PSW Worldwide;Utdelning;B2 Impact;400;1,5;567,21;SEK;;1;NOK;NO0010633951;
2025-06-03;PSW Worldwide;Utländsk källskatt;Utdelning DNO.OL 0.3125 NOK/aktie 25%;200;;-14,77;SEK;;1;;NO0003921009;
2025-06-03;PSW Worldwide;Utdelning;DNO;200;0,3125;59,08;SEK;;1;NOK;NO0003921009;
2025-06-03;PSW Worldwide;Utländsk källskatt;Utdelning OXLC.O 0.09 USD/aktie 15%;460;;-59,52;SEK;;1;;US6915431026;
2025-06-03;PSW Worldwide;Utdelning;Oxford Lane Capital;460;0,09;396,77;SEK;;1;USD;US6915431026;
2025-06-03;PSW Worldwide;Utländsk källskatt;Utdelning FTS.TO 0.615 CAD/aktie 15%;32;;-20,64;SEK;;1;;CA3495531079;
2025-06-03;PSW Worldwide;Utdelning;Fortis;32;0,615;137,58;SEK;;1;CAD;CA3495531079;
2025-06-03;PSW Worldwide;Utländsk källskatt;Utdelning TGS 1.59 NOK/aktie 25%;60;;-22,55;SEK;;1;;NO0003078800;
2025-06-03;PSW Worldwide;Utdelning;TGS;60;1,59;90,19;SEK;;1;NOK;NO0003078800;
2025-06-03;PSW Worldwide;Utländsk källskatt;Utdelning PFLT 0.1025 USD/aktie 15%;290;;-42,73;SEK;;1;;US70806A1060;
2025-06-03;PSW Worldwide;Utdelning;PennantPark Floating Rate;290;0,1025;284,88;SEK;;1;USD;US70806A1060;
2025-06-03;PSW Worldwide;Utländsk källskatt;Utdelning ENB.TO 0.9425 CAD/aktie 15%;130;;-128,48;SEK;;1;;CA29250N1050;
2025-06-03;PSW Worldwide;Utdelning;Enbridge;130;0,9425;856,55;SEK;;1;CAD;CA29250N1050;
2025-06-03;PSW Worldwide;Utländsk källskatt;Utdelning TGT 1.12 USD/aktie 15%;3;;-4,83;SEK;;1;;US87612E1064;
2025-06-03;PSW Worldwide;Utdelning;Target;3;1,12;32,2;SEK;;1;USD;US87612E1064;
2025-06-03;PSW Worldwide;Utländsk källskatt;Utdelning WFC 0.4 USD/aktie 15%;8;;-4,6;SEK;;1;;US9497461015;
2025-06-03;PSW Worldwide;Utdelning;Wells Fargo;8;0,4;30,67;SEK;;1;USD;US9497461015;
2025-06-03;PSW Worldwide;Utländsk källskatt;Utdelning TFC 0.52 USD/aktie 15%;30;;-22,43;SEK;;1;;US89832Q1094;
2025-06-03;PSW Worldwide;Utdelning;Truist Financial;30;0,52;149,51;SEK;;1;USD;US89832Q1094;
2025-06-02;PSW Worldwide;Köp;Pangaea;100;4,49;-4296,66;SEK;9,55;9,548131;USD;BMG6891L1054;
2025-06-02;PSW Sverige;Utdelning;Cibus Nordic Real Estate;350;0,758345;265,42;SEK;;;SEK;SE0010832204;
2025-06-02;PSW Worldwide;Utländsk källskatt;Utdelning LTC 0.19 USD/aktie 15%;60;;-16,24;SEK;;1;;US5021751020;
2025-06-02;PSW Worldwide;Utdelning;Ltc Properties;60;0,19;108,3;SEK;;1;USD;US5021751020;
2025-06-02;PSW Worldwide;Utländsk källskatt;Utdelning LAND.O 0.0467 USD/aktie 15%;60;;-3,99;SEK;;1;;US3765491010;
2025-06-02;PSW Worldwide;Utdelning;Gladstone Land;60;0,0467;26,62;SEK;;1;USD;US3765491010;
2025-06-02;PSW Worldwide;Utländsk källskatt;Utdelning GAIN.O 0.08 USD/aktie 15%;200;;-22,8;SEK;;1;;US3765461070;
2025-06-02;PSW Worldwide;Utdelning;Gladstone Investment;200;0,08;152;SEK;;1;USD;US3765461070;
2025-06-02;PSW Worldwide;Utländsk källskatt;Utdelning GOOD.O 0.1 USD/aktie 15%;170;;-24,22;SEK;;1;;US3765361080;
2025-06-02;PSW Worldwide;Utdelning;Gladstone Commercial Real Estate Investment Trust;170;0,1;161,49;SEK;;1;USD;US3765361080;
2025-06-02;PSW Worldwide;Utländsk källskatt;Utdelning GLAD.O 0.165 USD/aktie 15%;125;;-29,39;SEK;;1;;US3765358789;
2025-06-02;PSW Worldwide;Utdelning;Gladstone Capital;125;0,165;195,93;SEK;;1;USD;US3765358789;
2025-06-02;PSW Worldwide;Utländsk källskatt;Utdelning PEAK.K 0.10167 USD/aktie 15%;97;;-14,05;SEK;;1;;US42250P1030;
2025-06-02;PSW Worldwide;Utdelning;Healthpeak Properties;97;0,10167;93,69;SEK;;1;USD;US42250P1030;
2025-06-02;PSW Worldwide;Utländsk källskatt;Utdelning SBUX 0.61 USD/aktie 15%;4;;-3,48;SEK;;1;;US8552441094;
2025-06-02;PSW Worldwide;Utdelning;Starbucks;4;0,61;23,18;SEK;;1;USD;US8552441094;
2025-06-02;PSW Worldwide;Utländsk källskatt;Utdelning ABR 0.3 USD/aktie 15%;240;;-102,6;SEK;;1;;US0389231087;
2025-06-02;PSW Worldwide;Utdelning;Arbor Realty Trust;240;0,3;683,98;SEK;;1;USD;US0389231087;
2025-06-02;KF Linn & Liva;Övrigt;Riskpremie;;;-0,98;SEK;;1;;;
2025-06-02;PSW Worldwide;Övrigt;Riskpremie;;;-11,8;SEK;;1;;;
2025-06-02;PSW Worldwide;Köp;SED Energy Holdings;150;7,02;-999,93;SEK;1,5;0,948175;NOK;CY0101162119;
2025-06-02;PSW Sverige;Köp;NAXS;15;54,2;-814,22;SEK;1,22;;SEK;SE0001965369;
2025-06-02;PSW Worldwide;Köp;Flex Lng;4;243;-923,01;SEK;1,38;0,948175;NOK;BMG359472021;
2025-05-30;PSW Worldwide;Ränta;;;;1,48;SEK;;1;;;
2025-05-30;PSW Sverige;Ränta;;;;0,74;SEK;;1;;;
2025-05-30;PSW Worldwide;Utländsk källskatt;Utdelning AKE.PA 3.6 EUR/aktie 25%;10;;-97,81;SEK;;1;;FR0010313833;
2025-05-30;PSW Worldwide;Utdelning;Arkema SA;10;3,6;391,22;SEK;;1;EUR;FR0010313833;
2025-05-30;PSW Sverige;Utdelning;Viva Wine;45;1,55;69,75;SEK;;;SEK;SE0017084361;
2025-05-30;PSW Worldwide;Utländsk källskatt;Utdelning ASRNLA.ED 1.96 EUR/aktie 15%;48;;-153,36;SEK;;1;;NL0011872643;
2025-05-30;PSW Worldwide;Utdelning;ASR NEDERLAND;48;1,96;1022,39;SEK;;1;EUR;NL0011872643;
2025-05-30;PSW Worldwide;Utländsk källskatt;Utdelning DBKGN.DE 0.68 EUR/aktie 26%;20;;-38,98;SEK;;1;;DE0005140008;
2025-05-30;PSW Worldwide;Utdelning;Deutsche Bank;20;0,68;147,79;SEK;;1;EUR;DE0005140008;
2025-05-30;PSW Worldwide;Utländsk källskatt;Utdelning RANA-ME.OL 1.27 NOK/aktie 25%;40;;-11,93;SEK;;1;;NO0010907389;
2025-05-30;PSW Worldwide;Utdelning;Rana Gruber;40;1,27;47,7;SEK;;1;NOK;NO0010907389;
2025-05-30;PSW Worldwide;Utländsk källskatt;Utdelning ARR 0.24 USD/aktie 15%;68;;-23,51;SEK;;1;;US0423157058;
2025-05-30;PSW Worldwide;Utdelning;Armour Residential Reit;68;0,24;156,71;SEK;;1;USD;US0423157058;
2025-05-30;PSW Worldwide;Utländsk källskatt;Utdelning EQNR.OL 3.8215 NOK/aktie 25%;8;;-7,17;SEK;;1;;NO0010096985;
2025-05-30;PSW Worldwide;Utdelning;Equinor;8;3,8215;28,7;SEK;;1;NOK;NO0010096985;
2025-05-30;PSW Worldwide;Utländsk källskatt;Utdelning KLAV.OL 0.3623 NOK/aktie 25%;40;;-3,4;SEK;;1;;NO0010833262;
2025-05-30;PSW Worldwide;Utdelning;Klaveness Combination Carriers;40;0,3623;13,61;SEK;;1;NOK;NO0010833262;
2025-05-30;PSW Worldwide;Utländsk källskatt;Utdelning ORC 0.12 USD/aktie 15%;156;;-26,96;SEK;;1;;US68571X3017;
2025-05-30;PSW Worldwide;Utdelning;Orchid Island Capital;156;0,12;179,75;SEK;;1;USD;US68571X3017;
2025-05-30;KF Linn & Liva;Köp;AMF Aktiefond Småbolag;0,4026;1241,85;-499,97;SEK;0;;SEK;SE0001185000;
2025-05-28;PSW Worldwide;Utländsk källskatt;Utdelning NN.AS 2.16 EUR/aktie 15%;60;;-211;SEK;;1;;NL0010773842;
2025-05-28;PSW Worldwide;Utdelning;NN GROUP;60;2,16;1406,68;SEK;;1;EUR;NL0010773842;
2025-05-28;PSW Worldwide;Utländsk källskatt;Utdelning EFC.N 0.13 USD/aktie 15%;455;;-85,02;SEK;;1;;US28852N1090;
2025-05-28;PSW Worldwide;Utdelning;Ellington Financial;455;0,13;566,81;SEK;;1;USD;US28852N1090;
2025-05-28;PSW Worldwide;Utländsk källskatt;Utdelning BMO.TO 1.59 CAD/aktie 15%;25;;-41,3;SEK;;1;;CA0636711016;
2025-05-28;PSW Worldwide;Utdelning;Bank of Montreal;25;1,59;275,33;SEK;;1;CAD;CA0636711016;
2025-05-28;PSW Sverige;Uttag;Uttag till 33007510020816;;;-18000;SEK;;1;;;
2025-05-28;PSW Worldwide;Sälj;SPAR NORD BANK Accept;-5;210,5;1533;SEK;0;1,45653;DKK;ZZ0060036564;597,987478
2025-05-27;PSW Worldwide;Utdelning;Atea;30;3,5;99,3;SEK;;1;NOK;NO0004822503;
2025-05-27;PSW Worldwide;Utländsk källskatt;Utdelning MANTA.HE 0.66 EUR/aktie 35%;102;;-256,34;SEK;;1;;FI4000552526;
2025-05-27;PSW Worldwide;Utdelning;Mandatum;102;0,66;732,4;SEK;;1;EUR;FI4000552526;
2025-05-27;PSW Worldwide;Utländsk källskatt;Utdelning ELO.OL 0.9269 NOK/aktie 25%;20;;-4,38;SEK;;1;;NO0011002586;
2025-05-27;PSW Worldwide;Utdelning;Elopak;20;0,9269;17,53;SEK;;1;NOK;NO0011002586;
2025-05-26;PSW Worldwide;Köp;KPN NV;65;4,144;-2936,24;SEK;10,86;10,860484;EUR;NL0000009082;
2025-05-26;PSW Worldwide;Utländsk källskatt;Utdelning 2020B.OL 1.04157 NOK/aktie 25%;215;;-52,73;SEK;;1;;BMG9156K1018;
2025-05-26;PSW Worldwide;Utdelning;2020 Bulkers;215;1,04157;210,92;SEK;;1;NOK;BMG9156K1018;
2025-05-26;PSW Worldwide;Utländsk källskatt;Utdelning CHCT.K 0.47 USD/aktie 15%;50;;-33,46;SEK;;1;;US20369C1062;
2025-05-26;PSW Worldwide;Utdelning;Community Healthcare Trust;50;0,47;223,09;SEK;;1;USD;US20369C1062;
2025-05-26;PSW Worldwide;Utländsk källskatt;Utdelning ABND.AS 0.75 EUR/aktie 15%;25;;-30,39;SEK;;1;;NL0011540547;
2025-05-26;PSW Worldwide;Utdelning;ABN AMRO BANK N.V.;25;0,75;202,63;SEK;;1;EUR;NL0011540547;
2025-05-26;PSW Sverige;Sälj;K2A Knaust & Andersson Fastigheter Pref;-124;150,4;18621,63;SEK;27,97;;SEK;SE0006852075;-16989,58
2025-05-26;PSW Worldwide;Köp;ABG Sundal Collier Holding;120;6,65;-754,52;SEK;1,13;0,944099;NOK;NO0003021909;
2025-05-26;KF Linn & Liva;Insättning;AVA L&L KF;;;500;SEK;;1;;;
2025-05-23;PSW Worldwide;Utländsk källskatt;Utdelning MELEB.ED 2.4 EUR/aktie 30%;15;;-116,64;SEK;;1;;BE0165385973;
2025-05-23;PSW Worldwide;Utdelning;Melexis NV;15;2,4;388,81;SEK;;1;EUR;BE0165385973;
2025-05-23;PSW Sverige;Utdelning;Duni;16;2,5;40;SEK;;;SEK;SE0000616716;
2025-05-23;PSW Worldwide;Utdelning;Subsea 7;20;6,5;122,02;SEK;;1;NOK;LU0075646355;
2025-05-23;PSW Worldwide;Utländsk källskatt;Utdelning SAR 0.25 USD/aktie 15%;19;;-6,78;SEK;;1;;US80349A2087;
2025-05-23;PSW Worldwide;Utdelning;Saratoga Investment New;19;0,25;45,23;SEK;;1;USD;US80349A2087;
2025-05-22;PSW Worldwide;Utländsk källskatt;Utdelning ENI.MI 0.25 EUR/aktie 26%;25;;-17,57;SEK;;1;;IT0003132476;
2025-05-22;PSW Worldwide;Utdelning;Eni SpA;25;0,25;67,58;SEK;;1;EUR;IT0003132476;
2025-05-22;PSW Worldwide;Utländsk källskatt;Utdelning BNPP.PA 4.79 EUR/aktie 25%;12;;-155,39;SEK;;1;;FR0000131104;
2025-05-22;PSW Worldwide;Utdelning;BNP Paribas SA;12;4,79;621,56;SEK;;1;EUR;FR0000131104;
2025-05-22;PSW Worldwide;Utländsk källskatt;Utdelning AKERBP.OL 6.51735 NOK/aktie 25%;24;;-36,7;SEK;;1;;NO0010345853;
2025-05-22;PSW Worldwide;Utdelning;Aker BP;24;6,51735;146,79;SEK;;1;NOK;NO0010345853;
2025-05-22;PSW Worldwide;Utländsk källskatt;Utdelning VEI.OL 9 NOK/aktie 25%;44;;-92,91;SEK;;1;;NO0005806802;
2025-05-22;PSW Worldwide;Utdelning;Veidekke;44;9;371,63;SEK;;1;NOK;NO0005806802;
2025-05-22;PSW Worldwide;Utländsk källskatt;Utdelning BAKKA 13.3735 NOK/aktie 35%;6;;-26,35;SEK;;1;;FO0000000179;
2025-05-22;PSW Worldwide;Utdelning;Bakkafrost;6;13,37347;75,3;SEK;;1;NOK;FO0000000179;
2025-05-22;PSW Sverige;Köp;Softronic B;40;21,8;-873,31;SEK;1,31;;SEK;SE0000323305;
2025-05-21;PSW Worldwide;Utdelning;AF Gruppen;20;5;93,98;SEK;;1;NOK;NO0003078107;
2025-05-21;PSW Sverige;Utdelning;FM Mattsson B;20;1;20;SEK;;;SEK;SE0018040883;
2025-05-21;PSW Sverige;Utdelning;Inwido;90;5,5;495;SEK;;;SEK;SE0006220018;
2025-05-21;PSW Worldwide;Utländsk källskatt;Utdelning HTGC.K 0.07 USD/aktie 15%;180;;-18,01;SEK;;1;;US4270965084;
2025-05-21;PSW Worldwide;Utdelning;Hercules Capital;180;0,07;120,09;SEK;;1;USD;US4270965084;
2025-05-21;PSW Worldwide;Utländsk källskatt;Utdelning HTGC.K 0.4 USD/aktie 15%;180;;-102,93;SEK;;1;;US4270965084;
2025-05-21;PSW Worldwide;Utdelning;Hercules Capital;180;0,4;686,21;SEK;;1;USD;US4270965084;
2025-05-21;PSW Worldwide;Utdelning;Noram Drilling;60;0,417;23,51;SEK;;1;NOK;NO0010360019;
2025-05-21;PSW Worldwide;Utländsk källskatt;Utdelning NHY.OL 2.25 NOK/aktie 25%;20;;-10,57;SEK;;1;;NO0005052605;
2025-05-21;PSW Worldwide;Utdelning;Norsk Hydro;20;2,25;42,29;SEK;;1;NOK;NO0005052605;
2025-05-21;PSW Worldwide;Utländsk källskatt;Utdelning BOUVET 3 NOK/aktie 25%;40;;-28,2;SEK;;1;;NO0010360266;
2025-05-21;PSW Worldwide;Utdelning;Bouvet;40;3;112,78;SEK;;1;NOK;NO0010360266;
2025-05-21;PSW Worldwide;Utländsk källskatt;Utdelning TOM.OL 2.15 NOK/aktie 25%;45;;-22,73;SEK;;1;;NO0012470089;
2025-05-21;PSW Worldwide;Utdelning;Tomra Systems;45;2,15;90,93;SEK;;1;NOK;NO0012470089;
2025-05-21;PSW Worldwide;Utländsk källskatt;Utdelning PSEC.O 0.045 USD/aktie 15%;400;;-25,73;SEK;;1;;US74348T1025;
2025-05-21;PSW Worldwide;Utdelning;Prospect Capital;400;0,045;171,55;SEK;;1;USD;US74348T1025;
2025-05-20;PSW Worldwide;Utdelning;TRATON SE;15;1,7;276,5;SEK;;1;EUR;DE000TRAT0N7;
2025-05-20;PSW Sverige;Utdelning;Ework Group;25;7;175;SEK;;;SEK;SE0002402701;
2025-05-20;PSW Sverige;Utdelning;Prevas B;23;4,75;109,25;SEK;;;SEK;SE0000356008;
2025-05-20;PSW Worldwide;Utdelning;Cambi;100;0,3;28,07;SEK;;1;NOK;NO0010078850;
2025-05-19;PSW Worldwide;Köp;NewJersey Resources;10;46,56;-4530,47;SEK;9,71;9,709528;USD;US6460251068;
2025-05-19;PSW Sverige;Utdelning;Bahnhof B;32;2;64;SEK;;;SEK;SE0010442418;
2025-05-19;PSW Sverige;Utdelning;Tele2 B;400;3,2;1280;SEK;;;SEK;SE0005190238;
2025-05-19;PSW Sverige;Utdelning;Lindab International;3;2,7;8,1;SEK;;;SEK;SE0001852419;
2025-05-19;PSW Sverige;Utdelning;Kopparbergs B;5;7,5;37,5;SEK;;;SEK;SE0000500779;
2025-05-19;PSW Sverige;Utdelning;KABE Group B;12;2;24;SEK;;;SEK;SE0000107724;
2025-05-19;PSW Sverige;Utdelning;Evolution;4;30,5116;122,05;SEK;;;SEK;SE0012673267;
2025-05-19;PSW Worldwide;Utländsk källskatt;Utdelning SASY.PA 0.0050969 EUR/aktie 25%;14;;-0,2;SEK;;1;;FR0000120578;
2025-05-19;PSW Worldwide;Utdelning;Sanofi;14;0,005097;0,78;SEK;;1;EUR;FR0000120578;
2025-05-19;PSW Worldwide;Utländsk källskatt;Utdelning SASY.PA 3.92 EUR/aktie 25%;14;;-149,04;SEK;;1;;FR0000120578;
2025-05-19;PSW Worldwide;Utdelning;Sanofi;14;3,92;596,18;SEK;;1;EUR;FR0000120578;
2025-05-19;PSW Worldwide;Utländsk källskatt;Utdelning OMF 1.04 USD/aktie 15%;20;;-30,09;SEK;;1;;US68268W1036;
2025-05-19;PSW Worldwide;Utdelning;OneMain;20;1,04;200,61;SEK;;1;USD;US68268W1036;
2025-05-19;PSW Worldwide;Köp;Royal UNIBREW ;1;532;-779,74;SEK;1,46;1,462938;DKK;DK0060634707;
2025-05-19;PSW Sverige;Köp;Loomis;3;365,6;-1098,45;SEK;1,65;;SEK;SE0014504817;
2025-05-19;PSW Worldwide;Köp;Coloplast B ;1;644,6;-944,47;SEK;1,46;1,462938;DKK;DK0060448595;
2025-05-19;PSW Sverige;Köp;Ework Group;10;116,4;-1165,75;SEK;1,75;;SEK;SE0002402701;
2025-05-19;PSW Sverige;Köp;Prevas B;8;95,4;-764,34;SEK;1,14;;SEK;SE0000356008;
2025-05-19;PSW Sverige;Köp;Elanders B;18;55,1;-993,29;SEK;1,49;;SEK;SE0000119299;
2025-05-19;PSW Sverige;Köp;Evolution;2;658,2;-1318,37;SEK;1,97;;SEK;SE0012673267;
2025-05-19;PSW Sverige;Köp;AFRY;5;172,9;-865,8;SEK;1,3;;SEK;SE0005999836;
2025-05-19;PSW Worldwide;Köp;Noram Drilling;40;25;-943,66;SEK;1,41;0,942255;NOK;NO0010360019;
2025-05-19;PSW Sverige;Köp;Solid Försäkring;10;79,2;-793,19;SEK;1,19;;SEK;SE0017082548;
2025-05-16;PSW Sverige;Utdelning;Betsson B;790;4,664618;3685,05;SEK;;;SEK;SE0022726485;
2025-05-16;PSW Worldwide;Utländsk källskatt;Utdelning MAIN.N 0.25 USD/aktie 15%;170;;-62,1;SEK;;1;;US56035L1044;
2025-05-16;PSW Worldwide;Utdelning;Main Street Capital;170;0,25;413,99;SEK;;1;USD;US56035L1044;
2025-05-16;PSW Worldwide;Utländsk källskatt;Utdelning OKE 1.03 USD/aktie 15%;5;;-7,53;SEK;;1;;US6826801036;
2025-05-16;PSW Worldwide;Utdelning;ONEOK;5;1,03;50,17;SEK;;1;USD;US6826801036;
2025-05-16;PSW Worldwide;Utländsk källskatt;Utdelning OHI.N 0.67 USD/aktie 15%;260;;-254,53;SEK;;1;;US6819361006;
2025-05-16;PSW Worldwide;Utdelning;Omega Healthcare Investors;260;0,67;1696,88;SEK;;1;USD;US6819361006;
2025-05-16;PSW Worldwide;Utländsk källskatt;Utdelning O.N 0.2685 USD/aktie 15%;148;;-58,06;SEK;;1;;US7561091049;
2025-05-16;PSW Worldwide;Utdelning;Realty Income REIT;148;0,2685;387,09;SEK;;1;USD;US7561091049;
2025-05-16;PSW Worldwide;Utländsk källskatt;Utdelning STAG.N 0.124167 USD/aktie 15%;100;;-18,14;SEK;;1;;US85254J1025;
2025-05-16;PSW Worldwide;Utdelning;Stag Industrial;100;0,124167;120,95;SEK;;1;USD;US85254J1025;
2025-05-16;PSW Worldwide;Utländsk källskatt;Utdelning SLG.N 0.2575 USD/aktie 15%;34;;-12,79;SEK;;1;;US78440X8873;
2025-05-16;PSW Worldwide;Utdelning;Sl Green Realty;34;0,2575;85,28;SEK;;1;USD;US78440X8873;
2025-05-16;PSW Worldwide;Utländsk källskatt;Utdelning NNN 0.58 USD/aktie 15%;20;;-16,95;SEK;;1;;US6374171063;
2025-05-16;PSW Worldwide;Utdelning;NNN Reit;20;0,58;113;SEK;;1;USD;US6374171063;
2025-05-16;PSW Worldwide;Utländsk källskatt;Utdelning MDV.N 0.0975 USD/aktie 15%;25;;-3,56;SEK;;1;;US60784B1017;
2025-05-16;PSW Worldwide;Utdelning;Modiv;25;0,0975;23,74;SEK;;1;USD;US60784B1017;
2025-05-16;PSW Worldwide;Utländsk källskatt;Utdelning EPR.N 0.295 USD/aktie 15%;175;;-75,43;SEK;;1;;US26884U1097;
2025-05-16;PSW Worldwide;Utdelning;EPR Properties;175;0,295;502,88;SEK;;1;USD;US26884U1097;
2025-05-16;PSW Worldwide;Utländsk källskatt;Utdelning NWH_U.TO 0.03 CAD/aktie 15%;550;;-17,25;SEK;;1;;CA6674951059;
2025-05-16;PSW Worldwide;Utdelning;Northwest Healthcare Properties Real Estate Investment Trust Unit;550;0,03;115;SEK;;1;CAD;CA6674951059;
2025-05-16;PSW Worldwide;Utländsk källskatt;Utdelning HR_U.TO 0.05 CAD/aktie 15%;260;;-13,59;SEK;;1;;CA4039254079;
2025-05-16;PSW Worldwide;Utdelning;H&R Real Estate Investment Trust Unit;260;0,05;90,6;SEK;;1;CAD;CA4039254079;
2025-05-16;PSW Worldwide;Utländsk källskatt;Utdelning EIF.TO 0.22 CAD/aktie 15%;130;;-29,9;SEK;;1;;CA3012831077;
2025-05-16;PSW Worldwide;Utdelning;Exchange Income Corp;130;0,22;199,33;SEK;;1;CAD;CA3012831077;
2025-05-16;PSW Worldwide;Utländsk källskatt;Utdelning DE.V 0.045 CAD/aktie 15%;2000;;-94,09;SEK;;1;;CA24345T1003;
2025-05-16;PSW Worldwide;Utdelning;Decisive Dividend Corp;2000;0,045;627,25;SEK;;1;CAD;CA24345T1003;
2025-05-16;PSW Worldwide;Utländsk källskatt;Utdelning KITR.OL 0.35 NOK/aktie 25%;140;;-11,47;SEK;;1;;NO0003079709;
2025-05-16;PSW Worldwide;Utdelning;Kitron;140;0,35;45,9;SEK;;1;NOK;NO0003079709;
2025-05-16;PSW Worldwide;Utländsk källskatt;Utdelning PG 1.0568 USD/aktie 15%;43;;-66,4;SEK;;1;;US7427181091;
2025-05-16;PSW Worldwide;Utdelning;Procter & Gamble;43;1,0568;442,65;SEK;;1;USD;US7427181091;
2025-05-16;PSW Worldwide;Utländsk källskatt;Utdelning CL 0.52 USD/aktie 15%;35;;-26,59;SEK;;1;;US1941621039;
2025-05-16;PSW Worldwide;Utdelning;Colgate-Palmolive;35;0,52;177,29;SEK;;1;USD;US1941621039;
2025-05-16;PSW Worldwide;Utländsk källskatt;Utdelning HRZN.O 0.11 USD/aktie 15%;160;;-25,72;SEK;;1;;US44045A1025;
2025-05-16;PSW Worldwide;Utdelning;Horizon Technology Finance;160;0,11;171,44;SEK;;1;USD;US44045A1025;
2025-05-16;PSW Worldwide;Utländsk källskatt;Utdelning ABBV 1.64 USD/aktie 15%;50;;-119,81;SEK;;1;;US00287Y1091;
2025-05-16;PSW Worldwide;Utdelning;AbbVie;50;1,64;798,76;SEK;;1;USD;US00287Y1091;
2025-05-15;PSW Worldwide;Utländsk källskatt;Utdelning VEI.PA 1.4 EUR/aktie 25%;30;;-114,06;SEK;;1;;FR0000124141;
2025-05-15;PSW Worldwide;Utdelning;Veolia Environnement S.A.;30;1,4;456,24;SEK;;1;EUR;FR0000124141;
2025-05-15;PSW Worldwide;Utländsk källskatt;Utdelning NORCO.OL 1.7 NOK/aktie 25%;40;;-15,84;SEK;;1;;NO0013052209;
2025-05-15;PSW Worldwide;Utdelning;Norconsult;40;1,7;63,35;SEK;;1;NOK;NO0013052209;
2025-05-15;PSW Worldwide;Utländsk källskatt;Utdelning HAUTO.OL 8.6117 NOK/aktie 25%;79;;-158,46;SEK;;1;;NO0011082075;
2025-05-15;PSW Worldwide;Utdelning;Höegh Autoliners;79;8,6117;633,85;SEK;;1;NOK;NO0011082075;
2025-05-15;PSW Worldwide;Utländsk källskatt;Utdelning ADC 0.256 USD/aktie 15%;20;;-7,45;SEK;;1;;US0084921008;
2025-05-15;PSW Worldwide;Utdelning;Agree Realty REIT;20;0,256;49,66;SEK;;1;USD;US0084921008;
2025-05-14;PSW Sverige;Utdelning;Epiroc B;10;1,9;19;SEK;;;SEK;SE0015658117;
2025-05-14;PSW Worldwide;Utländsk källskatt;Utdelning ALVG.DE 15.4 EUR/aktie 26%;5;;-220,16;SEK;;1;;DE0008404005;
2025-05-14;PSW Worldwide;Utdelning;Allianz SE;5;15,4;834,73;SEK;;1;EUR;DE0008404005;
2025-05-14;PSW Sverige;Utdelning;Lammhults Design Group B;44;1;44;SEK;;;SEK;SE0000386138;
2025-05-14;PSW Sverige;Utdelning;Securitas B;10;2,25;22,5;SEK;;;SEK;SE0000163594;
2025-05-14;PSW Worldwide;Utländsk källskatt;Utdelning TXN 1.36 USD/aktie 15%;12;;-23,7;SEK;;1;;US8825081040;
2025-05-14;PSW Worldwide;Utdelning;Texas Instruments;12;1,36;157,97;SEK;;1;USD;US8825081040;
2025-05-13;PSW Sverige;Utdelning;Investor A;463;3,75;1736,25;SEK;;;SEK;SE0015811955;
2025-05-13;PSW Sverige;Utdelning;NCC A;11;6,5;71,5;SEK;;;SEK;SE0000118952;
2025-05-13;PSW Sverige;Utdelning;H&M B;249;3,4;846,6;SEK;;;SEK;SE0000106270;
2025-05-13;PSW Worldwide;Utländsk källskatt;Utdelning FKRAFT.OL 3 NOK/aktie 25%;25;;-17,54;SEK;;1;;NO0010815673;
2025-05-13;PSW Worldwide;Utdelning;Elmera Group;25;3;70,14;SEK;;1;NOK;NO0010815673;
2025-05-12;PSW Worldwide;Köp;Alexandria Real Estate Equities;6;74,09;-4386,14;SEK;9,84;9,84456;USD;US0152711091;
2025-05-12;PSW Worldwide;Köp;Modiv;30;14,68;-4345,38;SEK;9,84;9,84456;USD;US60784B1017;
2025-05-12;PSW Worldwide;Utländsk källskatt;Utdelning COLO B 5 DKK/aktie 27%;3;;-5,89;SEK;;1;;DK0060448595;
2025-05-12;PSW Worldwide;Utdelning;Coloplast B ;3;5;21,81;SEK;;1;DKK;DK0060448595;
2025-05-12;PSW Sverige;Utdelning;New Wave B;45;1,75;78,75;SEK;;;SEK;SE0020356970;
2025-05-12;PSW Sverige;Utdelning;Nolato B;198;1,5;297;SEK;;;SEK;SE0015962477;
2025-05-12;PSW Sverige;Utdelning;Loomis;12;14;168;SEK;;;SEK;SE0014504817;
2025-05-12;PSW Sverige;Utdelning;Peab B;210;1,5;315;SEK;;;SEK;SE0000106205;
2025-05-12;PSW Worldwide;Utländsk källskatt;Utdelning AGNC.O 0.12 USD/aktie 15%;190;;-33,41;SEK;;1;;US00123Q1040;
2025-05-12;PSW Worldwide;Utdelning;AGNC Investment;190;0,12;222,73;SEK;;1;USD;US00123Q1040;
2025-05-12;PSW Worldwide;Utländsk källskatt;Utdelning DS.TO 0.05325 CAD/aktie 15%;160;;-8,91;SEK;;1;;CA2553801077;
2025-05-12;PSW Worldwide;Utdelning;Dividend Select 15 Corp;160;0,05325;59,41;SEK;;1;CAD;CA2553801077;
2025-05-12;PSW Worldwide;Utländsk källskatt;Utdelning DNB.OL 16.75 NOK/aktie 25%;30;;-117,62;SEK;;1;;NO0010161896;
2025-05-12;PSW Worldwide;Utdelning;DNB Bank;30;16,75;470,49;SEK;;1;NOK;NO0010161896;
2025-05-12;PSW Worldwide;Utländsk källskatt;Utdelning PROTCT 3 NOK/aktie 25%;10;;-7,02;SEK;;1;;NO0010209331;
2025-05-12;PSW Worldwide;Utdelning;Protector Forsikring;10;3;28,09;SEK;;1;NOK;NO0010209331;
2025-05-12;PSW Worldwide;Utländsk källskatt;Utdelning CLX CO 1.22 USD/aktie 15%;20;;-35,75;SEK;;1;;US1890541097;
2025-05-12;PSW Worldwide;Utdelning;Clorox;20;1,22;238,36;SEK;;1;USD;US1890541097;
2025-05-12;PSW Sverige;Köp;G5 Entertainment;10;99,4;-995,49;SEK;1,49;;SEK;SE0001824004;
2025-05-12;PSW Sverige;Köp;Solid Försäkring;10;77;-771,16;SEK;1,16;;SEK;SE0017082548;
2025-05-09;PSW Worldwide;Uttag;Uttag till 33007510020816;;;-3000;SEK;;;;;
2025-05-09;PSW Worldwide;Utländsk källskatt;Utdelning AKES.OL 3.3 NOK/aktie 25%;70;;-53,82;SEK;;1;;NO0010716582;
2025-05-09;PSW Worldwide;Utdelning;Aker Solutions;70;3,3;215,29;SEK;;1;NOK;NO0010716582;
2025-05-09;PSW Worldwide;Utländsk källskatt;Utdelning VAR.OL 1.245 NOK/aktie 25%;430;;-124,74;SEK;;1;;NO0011202772;
2025-05-09;PSW Worldwide;Utdelning;Vår Energi;430;1,245;498,95;SEK;;1;NOK;NO0011202772;
2025-05-09;PSW Worldwide;Utländsk källskatt;Utdelning SELV.OL 1.25 NOK/aktie 25%;350;;-101,94;SEK;;1;;NO0010612450;
2025-05-09;PSW Worldwide;Utdelning;Selvaag Bolig;350;1,25;407,75;SEK;;1;NOK;NO0010612450;
2025-05-09;PSW Worldwide;Utländsk källskatt;Utdelning ASC.NOK 0.5 NOK/aktie 25%;100;;-11,65;SEK;;1;;NO0003021909;
2025-05-09;PSW Worldwide;Utdelning;ABG Sundal Collier Holding;100;0,5;46,6;SEK;;1;NOK;NO0003021909;
2025-05-08;PSW Worldwide;Utländsk källskatt;Utdelning PRTP.PA 4 EUR/aktie 25%;7;;-76,09;SEK;;1;;FR0000121485;
2025-05-08;PSW Worldwide;Utdelning;Kering SA;7;4;304,37;SEK;;1;EUR;FR0000121485;
2025-05-08;PSW Worldwide;Utländsk källskatt;Utdelning DANO.PA 2.15 EUR/aktie 25%;20;;-116,86;SEK;;1;;FR0000120644;
2025-05-08;PSW Worldwide;Utdelning;Danone SA;20;2,15;467,43;SEK;;1;EUR;FR0000120644;
2025-05-08;PSW Worldwide;Utländsk källskatt;Utdelning BASFN.DE 2.25 EUR/aktie 26%;60;;-387,06;SEK;;1;;DE000BASF111;
2025-05-08;PSW Worldwide;Utdelning;Basf SE;60;2,25;1467,51;SEK;;1;EUR;DE000BASF111;
2025-05-08;PSW Worldwide;Utländsk källskatt;Utdelning REI_U.TO 0.0965 CAD/aktie 15%;150;;-15,02;SEK;;1;;CA7669101031;
2025-05-08;PSW Worldwide;Utdelning;RioCan Real Estate Investment Trust Unit;150;0,0965;100,12;SEK;;1;CAD;CA7669101031;
2025-05-08;PSW Worldwide;Utländsk källskatt;Utdelning AM.N 0.225 USD/aktie 15%;50;;-16,23;SEK;;1;;US03676B1026;
2025-05-08;PSW Worldwide;Utdelning;Antero Midstream;50;0,225;108,22;SEK;;1;USD;US03676B1026;
2025-05-08;PSW Worldwide;Utdelning;Himalaya Shipping;115;0,41493;44,34;SEK;;1;NOK;BMG4660A1036;
2025-05-08;PSW Worldwide;Övrigt;SPAREBANKEN NORGE;;139,349171;64,12;SEK;;1;NOK;NO0006000900;
2025-05-08;PSW Worldwide;Övrigt;SPAREBANKEN NORGE;-0,495081;139,349171;;;;1;NOK;NO0006000900;4,995348
2025-05-07;PSW Worldwide;Utländsk källskatt;Utdelning MUVGN.DE 20 EUR/aktie 26%;20;;-1149,27;SEK;;1;;DE0008430026;
2025-05-07;PSW Worldwide;Utdelning;MUENCH.RUECKVERS. NA O.N.;20;20;4357,41;SEK;;1;EUR;DE0008430026;
2025-05-07;PSW Worldwide;Utländsk källskatt;Utdelning AOFG.DE 2.13 EUR/aktie 26%;3;;-18,36;SEK;;1;;DE0005104400;
2025-05-07;PSW Worldwide;Utdelning;ATOSS SOFTWARE SE INH O.N;3;2,13;69,61;SEK;;1;EUR;DE0005104400;
2025-05-07;PSW Worldwide;Utländsk källskatt;Utdelning EURS.OL 3.5 NOK/aktie 25%;100;;-81,48;SEK;;1;;NO0010735343;
2025-05-07;PSW Worldwide;Utdelning;Europris;100;3,5;325,91;SEK;;1;NOK;NO0010735343;
2025-05-07;PSW Worldwide;Utländsk källskatt;Utdelning ORK 10 NOK/aktie 25%;330;;-768,22;SEK;;1;;NO0003733800;
2025-05-07;PSW Worldwide;Utdelning;Orkla;330;10;3072,88;SEK;;1;NOK;NO0003733800;
2025-05-07;PSW Worldwide;Utdelning;Avance Gas Holding;200;6,0436;1125,53;SEK;;1;NOK;BMG067231032;
2025-05-07;PSW Worldwide;Utdelning;Avance Gas Holding;200;1,6672;310,49;SEK;;1;NOK;BMG067231032;
2025-05-07;PSW Worldwide;Utdelning;Stolt-Nielsen;5;12,96875;60,38;SEK;;1;NOK;BMG850801025;
2025-05-06;PSW Worldwide;Utländsk källskatt;Utdelning DNORD 2 DKK/aktie 27%;14;;-10,98;SEK;;1;;DK0060083210;
2025-05-06;PSW Worldwide;Utdelning;D/S Norden;14;2;40,66;SEK;;1;DKK;DK0060083210;
2025-05-06;PSW Sverige;Utdelning;Eastnine;94;0,3;28,2;SEK;;;SEK;SE0022050183;
2025-05-06;PSW Sverige;Utdelning;Wihlborgs Fastigheter;40;3,2;128;SEK;;;SEK;SE0018012635;
2025-05-06;PSW Sverige;Utdelning;Creades A;23;0,4;9,2;SEK;;;SEK;SE0015661236;
2025-05-06;PSW Sverige;Utdelning;Sweco B;10;3,3;33;SEK;;;SEK;SE0014960373;
2025-05-06;PSW Sverige;Utdelning;Öresund;17;3,6;61,2;SEK;;;SEK;SE0008321608;
2025-05-06;PSW Sverige;Utdelning;Bravida Holding;80;3,75;300;SEK;;;SEK;SE0007491303;
2025-05-06;PSW Sverige;Utdelning;Thule Group;109;4,15;452,35;SEK;;;SEK;SE0006422390;
2025-05-06;PSW Sverige;Utdelning;Sandvik;3;5,75;17,25;SEK;;;SEK;SE0000667891;
2025-05-06;PSW Sverige;Utdelning;Knowit;30;1,15;34,5;SEK;;;SEK;SE0000421273;
2025-05-06;PSW Sverige;Utdelning;Svedbergs Group B;20;0,75;15;SEK;;;SEK;SE0000407991;
2025-05-06;PSW Worldwide;Utländsk källskatt;Utdelning SAMPO.HE 0.34 EUR/aktie 35%;510;;-657,95;SEK;;1;;FI4000552500;
2025-05-06;PSW Worldwide;Utdelning;Sampo A;510;0,34;1879,87;SEK;;1;EUR;FI4000552500;
2025-05-06;PSW Worldwide;Utländsk källskatt;Utdelning UVV 0.81 USD/aktie 15%;8;;-9,3;SEK;;1;;US9134561094;
2025-05-06;PSW Worldwide;Utdelning;Universal;8;0,81;61,98;SEK;;1;USD;US9134561094;
2025-05-06;PSW Worldwide;Övrigt;SPAREBANKEN NORGE;11,495081;;;;;;;NO0006000900;
2025-05-06;PSW Worldwide;Övrigt;SPAREBANKEN SOER;-8;;;;;;;NO0006001502;
2025-05-05;PSW Worldwide;Köp;Annaly Capital Management;20;19,24;-3736,79;SEK;9,69;9,685814;USD;US0357108390;
2025-05-05;PSW Sverige;Köp;Sandvik;4;204,3;-818,43;SEK;1,23;;SEK;SE0000667891;
2025-05-05;PSW Worldwide;Köp;Coloplast B ;1;688,2;-1012,52;SEK;1,52;1,469053;DKK;DK0060448595;
2025-05-05;PSW Sverige;Köp;Logistri B;5;145,5;-746,5;SEK;19;;SEK;SE0010414615;
2025-05-05;PSW Worldwide;Köp;SKAKO ;10;66,23;-974,42;SEK;1,47;1,469053;DKK;DK0010231877;
2025-05-05;PSW Worldwide;Köp;Elmera Group;19;34;-603,01;SEK;0,93;0,932014;NOK;NO0010815673;
2025-05-05;PSW Sverige;Utdelning;NP3 Fastigheter Pref;1010;0,5;505;SEK;;;SEK;SE0010820514;
2025-05-05;PSW Sverige;Utdelning;Alleima;50;2,3;115;SEK;;;SEK;SE0017615644;
2025-05-05;PSW Sverige;Utdelning;Nordnet;15;8,1;121,5;SEK;;;SEK;SE0015192067;
2025-05-05;PSW Sverige;Utdelning;Fastpartner D;70;1,25;87,5;SEK;;;SEK;SE0013512514;
2025-05-05;PSW Sverige;Utdelning;Fagerhult Group;20;1,4;28;SEK;;;SEK;SE0010048884;
2025-05-05;PSW Sverige;Utdelning;Bulten;50;2,75;137,5;SEK;;;SEK;SE0003849223;
2025-05-05;PSW Sverige;Utdelning;Softronic B;510;1,35;688,5;SEK;;;SEK;SE0000323305;
2025-05-05;PSW Worldwide;Utländsk källskatt;Utdelning VOPA 1.6 EUR/aktie 15%;10;;-26,12;SEK;;1;;NL0009432491;
2025-05-05;PSW Worldwide;Utdelning;Vopak NV;10;1,6;174,12;SEK;;1;EUR;NL0009432491;
2025-05-05;PSW Worldwide;Utländsk källskatt;Utdelning ING.AS 0.71 EUR/aktie 15%;30;;-34,77;SEK;;1;;NL0011821202;
2025-05-05;PSW Worldwide;Utdelning;ING GROEP N.V.;30;0,71;231,8;SEK;;1;EUR;NL0011821202;
2025-05-02;PSW Worldwide;Ränta;;;;0,03;SEK;;;;;
2025-05-02;KF Linn & Liva;Insättning;Direktinsättning via Swish;;;100;SEK;;;;;
2025-05-02;PSW Worldwide;Utländsk källskatt;Utdelning RBREW 15 DKK/aktie 27%;10;;-59,14;SEK;;1;;DK0060634707;
2025-05-02;PSW Worldwide;Utdelning;Royal UNIBREW ;10;15;219,02;SEK;;1;DKK;DK0060634707;
2025-05-02;PSW Worldwide;Utländsk källskatt;Utdelning BAYGN.DE 0.11 EUR/aktie 26%;60;;-18,98;SEK;;1;;DE000BAY0017;
2025-05-02;PSW Worldwide;Utdelning;Bayer AG;60;0,11;71,95;SEK;;1;EUR;DE000BAY0017;
2025-05-02;PSW Sverige;Utdelning;Coor Service Management Holding;340;1;340;SEK;;;SEK;SE0007158829;
2025-05-02;PSW Sverige;Utdelning;Bilia A;40;1,4;56;SEK;;;SEK;SE0009921588;
2025-05-02;PSW Sverige;Utdelning;Hexpol B;55;4,2;231;SEK;;;SEK;SE0007074281;
2025-05-02;PSW Worldwide;Utländsk källskatt;Utdelning DX 0.17 USD/aktie 15%;220;;-53,78;SEK;;1;;US26817Q8868;
2025-05-02;PSW Worldwide;Utdelning;Dynex Capital;220;0,17;358,55;SEK;;1;USD;US26817Q8868;
2025-05-02;PSW Worldwide;Utländsk källskatt;Utdelning NEDP.AS 3.2 EUR/aktie 15%;7;;-36,63;SEK;;1;;NL0000371243;
2025-05-02;PSW Worldwide;Utdelning;NEDAP;7;3,2;244,19;SEK;;1;EUR;NL0000371243;
2025-05-02;PSW Worldwide;Utländsk källskatt;Utdelning LTC 0.19 USD/aktie 15%;60;;-16,39;SEK;;1;;US5021751020;
2025-05-02;PSW Worldwide;Utdelning;Ltc Properties;60;0,19;109,29;SEK;;1;USD;US5021751020;
2025-05-02;PSW Worldwide;Utländsk källskatt;Utdelning LAND.O 0.0467 USD/aktie 15%;60;;-4,03;SEK;;1;;US3765491010;
2025-05-02;PSW Worldwide;Utdelning;Gladstone Land;60;0,0467;26,86;SEK;;1;USD;US3765491010;
2025-05-02;PSW Worldwide;Utländsk källskatt;Utdelning GAIN.O 0.08 USD/aktie 15%;200;;-23,01;SEK;;1;;US3765461070;
2025-05-02;PSW Worldwide;Utdelning;Gladstone Investment;200;0,08;153,39;SEK;;1;USD;US3765461070;
2025-05-02;PSW Worldwide;Utländsk källskatt;Utdelning GOOD.O 0.1 USD/aktie 15%;170;;-24,45;SEK;;1;;US3765361080;
2025-05-02;PSW Worldwide;Utdelning;Gladstone Commercial Real Estate Investment Trust;170;0,1;162,98;SEK;;1;USD;US3765361080;
2025-05-02;PSW Worldwide;Utländsk källskatt;Utdelning GLAD.O 0.165 USD/aktie 15%;125;;-29,66;SEK;;1;;US3765358789;
2025-05-02;PSW Worldwide;Utdelning;Gladstone Capital;125;0,165;197,73;SEK;;1;USD;US3765358789;
2025-05-02;PSW Worldwide;Utländsk källskatt;Utdelning PEAK.K 0.10167 USD/aktie 15%;97;;-14,18;SEK;;1;;US42250P1030;
2025-05-02;PSW Worldwide;Utdelning;Healthpeak Properties;97;0,10167;94,55;SEK;;1;USD;US42250P1030;
2025-05-02;PSW Worldwide;Utländsk källskatt;Utdelning OXLC.O 0.09 USD/aktie 15%;460;;-59,53;SEK;;1;;US6915431026;
2025-05-02;PSW Worldwide;Utdelning;Oxford Lane Capital;460;0,09;396,9;SEK;;1;USD;US6915431026;
2025-05-02;PSW Worldwide;Utländsk källskatt;Utdelning PFLT 0.1025 USD/aktie 15%;290;;-42,75;SEK;;1;;US70806A1060;
2025-05-02;PSW Worldwide;Utdelning;PennantPark Floating Rate;290;0,1025;284,97;SEK;;1;USD;US70806A1060;
2025-05-02;PSW Worldwide;Utländsk källskatt;Utdelning NEWT.O 0.19 USD/aktie 15%;200;;-54,65;SEK;;1;;US6525262035;
2025-05-02;PSW Worldwide;Utdelning;NewtekOne;200;0,19;364,3;SEK;;1;USD;US6525262035;
2025-05-02;PSW Worldwide;Utländsk källskatt;Utdelning VZ 0.6775 USD/aktie 15%;26;;-25,33;SEK;;1;;US92343V1044;
2025-05-02;PSW Worldwide;Utdelning;Verizon Communications;26;0,6775;168,87;SEK;;1;USD;US92343V1044;
2025-05-02;PSW Worldwide;Utländsk källskatt;Utdelning BMY 0.62 USD/aktie 15%;20;;-17,83;SEK;;1;;US1101221083;
2025-05-02;PSW Worldwide;Utdelning;Bristol-Myers Squibb;20;0,62;118,88;SEK;;1;USD;US1101221083;
2025-05-02;PSW Worldwide;Utländsk källskatt;Utdelning RITM.K 0.25 USD/aktie 15%;466;;-167,53;SEK;;1;;US64828T2015;
2025-05-02;PSW Worldwide;Utdelning;Rithm Capital;466;0,25;1116,87;SEK;;1;USD;US64828T2015;
2025-05-02;PSW Worldwide;Utländsk källskatt;Utdelning NLY 0.7 USD/aktie 15%;20;;-20,13;SEK;;1;;US0357108390;
2025-05-02;PSW Worldwide;Utdelning;Annaly Capital Management;20;0,7;134,22;SEK;;1;USD;US0357108390;
2025-05-02;PSW Worldwide;Utländsk källskatt;Utdelning POW.TO 0.6125 CAD/aktie 15%;50;;-31,9;SEK;;1;;CA7392391016;
2025-05-02;PSW Worldwide;Utdelning;Power Corp. Of Canada;50;0,6125;212,7;SEK;;1;CAD;CA7392391016;
2025-05-02;PSW Worldwide;Utländsk källskatt;Utdelning IGM.TO 0.5625 CAD/aktie 15%;20;;-11,72;SEK;;1;;CA4495861060;
2025-05-02;PSW Worldwide;Utdelning;IGM Financial Inc.;20;0,5625;78,14;SEK;;1;CAD;CA4495861060;
2025-05-02;PSW Worldwide;Utländsk källskatt;Utdelning MO 1.02 USD/aktie 15%;68;;-99,74;SEK;;1;;US02209S1033;
2025-05-02;PSW Worldwide;Utdelning;Altria Group;68;1,02;664,95;SEK;;1;USD;US02209S1033;
2025-05-02;KF Linn & Liva;Övrigt;Riskpremie;;;-0,93;SEK;;;;;
2025-05-02;PSW Worldwide;Övrigt;Riskpremie;;;-11,59;SEK;;;;;
2025-05-02;PSW Worldwide;Insättning;Överföring från Collector 4714591;;;75,72;SEK;;;;;
2025-04-30;PSW Worldwide;Ränta;;;;4,12;SEK;;;;;
2025-04-30;PSW Sverige;Ränta;;;;0,92;SEK;;;;;
2025-04-30;KF Linn & Liva;Ränta;;;;-0,33;SEK;;;;;
2025-04-30;KF Linn - inte;Ränta;;;;0,27;SEK;;;;;
2025-04-30;PSW Sverige;Utdelning;Solid Försäkring;10;5;50;SEK;;;SEK;SE0017082548;
2025-04-30;PSW Sverige;Utdelning;Avanza Bank;10;11,75;117,5;SEK;;;SEK;SE0012454072;
2025-04-30;PSW Sverige;Utdelning;Logistri B;5;1,3;6,5;SEK;;;SEK;SE0010414615;
2025-04-30;PSW Sverige;Utdelning;AFRY;30;6;180;SEK;;;SEK;SE0005999836;
2025-04-30;PSW Worldwide;Utländsk källskatt;Utdelning OLVAS 0.65 EUR/aktie 35%;3;;-7,46;SEK;;1;;FI0009900401;
2025-04-30;PSW Worldwide;Utdelning;Olvi A;3;0,65;21,32;SEK;;1;EUR;FI0009900401;
2025-04-30;PSW Worldwide;Utländsk källskatt;Utdelning ARR 0.24 USD/aktie 15%;68;;-23,56;SEK;;1;;US0423157058;
2025-04-30;PSW Worldwide;Utdelning;Armour Residential Reit;68;0,24;157,1;SEK;;1;USD;US0423157058;
2025-04-30;PSW Worldwide;Utländsk källskatt;Utdelning ORC 0.12 USD/aktie 15%;156;;-27,03;SEK;;1;;US68571X3017;
2025-04-30;PSW Worldwide;Utdelning;Orchid Island Capital;156;0,12;180,2;SEK;;1;USD;US68571X3017;
2025-04-29;PSW Worldwide;Utländsk källskatt;Utdelning SKAKOI 2.5 DKK/aktie 27%;10;;-9,9;SEK;;1;;DK0010231877;
2025-04-29;PSW Worldwide;Utdelning;SKAKO ;10;2,5;36,65;SEK;;1;DKK;DK0010231877;
2025-04-29;PSW Sverige;Utdelning;Elanders B;30;4,15;124,5;SEK;;;SEK;SE0000119299;
2025-04-29;PSW Worldwide;Utländsk källskatt;Utdelning 2020B.OL 0.63437 NOK/aktie 25%;215;;-31,58;SEK;;1;;BMG9156K1018;
2025-04-29;PSW Worldwide;Utdelning;2020 Bulkers;215;0,63437;126,31;SEK;;1;NOK;BMG9156K1018;
2025-04-29;PSW Worldwide;Utländsk källskatt;Utdelning BNS.TO 1.06 CAD/aktie 15%;40;;-44,1;SEK;;1;;CA0641491075;
2025-04-29;PSW Worldwide;Utdelning;Bank Of Nova Scotia;40;1,06;294,01;SEK;;1;CAD;CA0641491075;
2025-04-29;PSW Worldwide;Utländsk källskatt;Utdelning GSBD.K 0.16 USD/aktie 15%;80;;-18,38;SEK;;1;;US38147U1079;
2025-04-29;PSW Worldwide;Utdelning;Goldman Sachs BDC;80;0,16;122,55;SEK;;1;USD;US38147U1079;
2025-04-29;PSW Worldwide;Utländsk källskatt;Utdelning GSBD.K 0.32 USD/aktie 15%;80;;-36,76;SEK;;1;;US38147U1079;
2025-04-29;PSW Worldwide;Utdelning;Goldman Sachs BDC;80;0,32;245,09;SEK;;1;USD;US38147U1079;
2025-04-29;PSW Worldwide;Utländsk källskatt;Utdelning WALWIL.OL 13.0566 NOK/aktie 25%;35;;-105,8;SEK;;1;;NO0010571680;
2025-04-29;PSW Worldwide;Utdelning;Wallenius Wilhelmsen;35;13,0566;423,21;SEK;;1;NOK;NO0010571680;
2025-04-28;PSW Worldwide;Utländsk källskatt;Utdelning WIRTEK 0.23 DKK/aktie 27%;280;;-25,45;SEK;;1;;DK0060040913;
2025-04-28;PSW Worldwide;Utdelning;Wirtek;280;0,23;94,27;SEK;;1;DKK;DK0060040913;
2025-04-28;PSW Worldwide;Utländsk källskatt;Utdelning MDV.N 0.0975 USD/aktie 15%;25;;-3,52;SEK;;1;;US60784B1017;
2025-04-28;PSW Worldwide;Utdelning;Modiv;25;0,0975;23,44;SEK;;1;USD;US60784B1017;
2025-04-28;PSW Worldwide;Utländsk källskatt;Utdelning EFC.N 0.13 USD/aktie 15%;455;;-85,31;SEK;;1;;US28852N1090;
2025-04-28;PSW Worldwide;Utdelning;Ellington Financial;455;0,13;568,74;SEK;;1;USD;US28852N1090;
2025-04-28;PSW Worldwide;Köp;Wallenius Wilhelmsen;10;72,7;-677,15;SEK;1,01;0,930044;NOK;NO0010571680;
2025-04-28;PSW Worldwide;Köp;Höegh Autoliners;16;80;-1192,25;SEK;1,79;0,930044;NOK;NO0011082075;
2025-04-28;PSW Sverige;Köp;Elanders B;12;56,5;-679,02;SEK;1,02;;SEK;SE0000119299;
2025-04-28;PSW Worldwide;Köp;TGS;13;76,4;-925,11;SEK;1,39;0,930044;NOK;NO0003078800;
2025-04-28;PSW Worldwide;Insättning;Överföring från Avanzakonto 6763416;;;879,38;SEK;;;;;
2025-04-28;KF Linn - inte;Uttag;Överföring till Avanzakonto 4919352;;;-879,38;SEK;;;;;
2025-04-28;KF Linn & Liva;Insättning;Direktinsättning via Swish;;;711;SEK;;;;;
2025-04-25;PSW Worldwide;Utländsk källskatt;Utdelning SGEF.PA 3.7 EUR/aktie 25%;4;;-40,57;SEK;;1;;FR0000125486;
2025-04-25;PSW Worldwide;Utdelning;Vinci SA;4;3,7;162,27;SEK;;1;EUR;FR0000125486;
2025-04-25;PSW Sverige;Utdelning;Cibus Nordic Real Estate;350;0,764071;267,42;SEK;;;SEK;SE0010832204;
2025-04-25;PSW Worldwide;Utländsk källskatt;Utdelning AD.AS 0.67 EUR/aktie 15%;30;;-33,06;SEK;;1;;NL0011794037;
2025-04-25;PSW Worldwide;Utdelning;Ahold Delhaize NV;30;0,67;220,38;SEK;;1;EUR;NL0011794037;
2025-04-25;PSW Worldwide;Utländsk källskatt;Utdelning MULTIC.OL 10 NOK/aktie 25%;5;;-11,59;SEK;;1;;NO0010734338;
2025-04-25;PSW Worldwide;Utdelning;Multiconsult;5;10;46,35;SEK;;1;NOK;NO0010734338;
2025-04-25;PSW Worldwide;Utländsk källskatt;Utdelning STB 4.7 NOK/aktie 25%;20;;-21,78;SEK;;1;;NO0003053605;
2025-04-25;PSW Worldwide;Utdelning;Storebrand;20;4,7;87,13;SEK;;1;NOK;NO0003053605;
2025-04-25;PSW Worldwide;Utländsk källskatt;Utdelning SAR 0.25 USD/aktie 15%;19;;-6,89;SEK;;1;;US80349A2087;
2025-04-25;PSW Worldwide;Utdelning;Saratoga Investment New;19;0,25;45,92;SEK;;1;USD;US80349A2087;
2025-04-25;PSW Worldwide;Utdelning;Himalaya Shipping;115;0,05175;5,52;SEK;;1;NOK;BMG4660A1036;
2025-04-25;KF Linn - inte;Övrigt;Avkastningsskatt;;;-1;SEK;;;;;
2025-04-25;KF Linn & Liva;Övrigt;Avkastningsskatt;;;-838;SEK;;;;;
2025-04-25;PSW Worldwide;Övrigt;Avkastningsskatt;;;-10318;SEK;;;;;
2025-04-24;PSW Worldwide;Utländsk källskatt;Utdelning INVEST.HE 0.18 EUR/aktie 35%;10;;-6,85;SEK;;1;;FI0009900559;
2025-04-24;PSW Worldwide;Utdelning;Investors House;10;0,18;19,57;SEK;;1;EUR;FI0009900559;
2025-04-24;PSW Worldwide;Utländsk källskatt;Utdelning CSCO 0.41 USD/aktie 15%;22;;-12,93;SEK;;1;;US17275R1023;
2025-04-24;PSW Worldwide;Utdelning;Cisco Systems;22;0,41;86,22;SEK;;1;USD;US17275R1023;
2025-04-24;PSW Worldwide;Insättning;AVANZA WW;;;10318;SEK;;;;;
2025-04-23;PSW Worldwide;Utdelning;Noram Drilling;60;0,422;23,29;SEK;;1;NOK;NO0010360019;
2025-04-23;PSW Worldwide;Utländsk källskatt;Utdelning DG 0.59 USD/aktie 15%;10;;-8,48;SEK;;1;;US2566771059;
2025-04-23;PSW Worldwide;Utdelning;Dollar General;10;0,59;56,56;SEK;;1;USD;US2566771059;
2025-04-22;PSW Worldwide;Utländsk källskatt;Utdelning HASI.N 0.42 USD/aktie 15%;30;;-17,92;SEK;;1;;US41068X1000;
2025-04-22;PSW Worldwide;Utdelning;Hannon Armstrong Sustainable Infrastructure;30;0,42;119,46;SEK;;1;USD;US41068X1000;
2025-04-22;PSW Worldwide;Utländsk källskatt;Utdelning CPT 1.05 USD/aktie 15%;15;;-22,4;SEK;;1;;US1331311027;
2025-04-22;PSW Worldwide;Utdelning;Camden Property Trust;15;1,05;149,33;SEK;;1;USD;US1331311027;
2025-04-22;PSW Worldwide;Utländsk källskatt;Utdelning PSEC.O 0.045 USD/aktie 15%;400;;-25,6;SEK;;1;;US74348T1025;
2025-04-22;PSW Worldwide;Utdelning;Prospect Capital;400;0,045;170,66;SEK;;1;USD;US74348T1025;
2025-04-22;PSW Worldwide;Utländsk källskatt;Utdelning CGBD.O 0.05 USD/aktie 15%;200;;-14,22;SEK;;1;;US8722801029;
2025-04-22;PSW Worldwide;Utdelning;Carlyle Secured Lending;200;0,05;94,81;SEK;;1;USD;US8722801029;
2025-04-22;PSW Worldwide;Utländsk källskatt;Utdelning CGBD.O 0.4 USD/aktie 15%;200;;-113,77;SEK;;1;;US8722801029;
2025-04-22;PSW Worldwide;Utdelning;Carlyle Secured Lending;200;0,4;758,49;SEK;;1;USD;US8722801029;
2025-04-22;PSW Worldwide;Köp;Pareto Bank;15;73,2;-1010,88;SEK;1,52;0,919267;NOK;NO0010397581;
2025-04-21;PSW Worldwide;Uttag;Uttag till 33007510020816;;;-3500;SEK;;;;;
2025-04-17;PSW Sverige;Köp;Alleima;10;71,75;-718,58;SEK;1,08;;SEK;SE0017615644;
2025-04-16;PSW Worldwide;Utländsk källskatt;Utdelning TRYG 2.05 DKK/aktie 27%;20;;-16,46;SEK;;1;;DK0060636678;
2025-04-16;PSW Worldwide;Utdelning;Tryg;20;2,05;60,96;SEK;;1;DKK;DK0060636678;
2025-04-16;PSW Sverige;Utdelning;Ogunsen B;50;1,9;95;SEK;;;SEK;SE0008406151;
2025-04-16;PSW Sverige;Utdelning;Cloetta;180;1,1;198;SEK;;;SEK;SE0002626861;
2025-04-16;PSW Worldwide;Utländsk källskatt;Utdelning LOAN.O 0.115 USD/aktie 15%;80;;-13,48;SEK;;1;;US5628031065;
2025-04-16;PSW Worldwide;Utdelning;Manhattan Bridge Capital;80;0,115;89,86;SEK;;1;USD;US5628031065;
2025-04-16;PSW Worldwide;Utländsk källskatt;Utdelning MAIN.N 0.25 USD/aktie 15%;170;;-62,27;SEK;;1;;US56035L1044;
2025-04-16;PSW Worldwide;Utdelning;Main Street Capital;170;0,25;415,12;SEK;;1;USD;US56035L1044;
2025-04-16;PSW Worldwide;Utländsk källskatt;Utdelning O.N 0.2685 USD/aktie 15%;148;;-58,22;SEK;;1;;US7561091049;
2025-04-16;PSW Worldwide;Utdelning;Realty Income REIT;148;0,2685;388,14;SEK;;1;USD;US7561091049;
2025-04-16;PSW Worldwide;Utländsk källskatt;Utdelning WPC 0.89 USD/aktie 15%;83;;-108,23;SEK;;1;;US92936U1097;
2025-04-16;PSW Worldwide;Utdelning;W. P. Carey REIT;83;0,89;721,53;SEK;;1;USD;US92936U1097;
2025-04-16;PSW Worldwide;Utländsk källskatt;Utdelning STWD.N 0.48 USD/aktie 15%;20;;-14,07;SEK;;1;;US85571B1052;
2025-04-16;PSW Worldwide;Utdelning;Starwood Property Trust;20;0,48;93,77;SEK;;1;USD;US85571B1052;
2025-04-16;PSW Worldwide;Utländsk källskatt;Utdelning STAG.N 0.124167 USD/aktie 15%;100;;-18,19;SEK;;1;;US85254J1025;
2025-04-16;PSW Worldwide;Utdelning;Stag Industrial;100;0,124167;121,28;SEK;;1;USD;US85254J1025;
2025-04-16;PSW Worldwide;Utländsk källskatt;Utdelning SLG.N 0.2575 USD/aktie 15%;34;;-12,83;SEK;;1;;US78440X8873;
2025-04-16;PSW Worldwide;Utdelning;Sl Green Realty;34;0,2575;85,51;SEK;;1;USD;US78440X8873;
2025-04-16;PSW Worldwide;Utländsk källskatt;Utdelning OBDC.N 0.37 USD/aktie 15%;60;;-32,53;SEK;;1;;US69121K1043;
2025-04-16;PSW Worldwide;Utdelning;Blue Owl Capital;60;0,37;216,84;SEK;;1;USD;US69121K1043;
2025-04-16;PSW Worldwide;Utländsk källskatt;Utdelning NFG 0.515 USD/aktie 15%;6;;-4,53;SEK;;1;;US6361801011;
2025-04-16;PSW Worldwide;Utdelning;National Fuel Gas;6;0,515;30,18;SEK;;1;USD;US6361801011;
2025-04-16;PSW Worldwide;Utländsk källskatt;Utdelning EPR.N 0.295 USD/aktie 15%;175;;-75,64;SEK;;1;;US26884U1097;
2025-04-16;PSW Worldwide;Utdelning;EPR Properties;175;0,295;504,25;SEK;;1;USD;US26884U1097;
2025-04-16;PSW Worldwide;Utländsk källskatt;Utdelning BXMT.K 0.47 USD/aktie 15%;34;;-23,41;SEK;;1;;US09257W1009;
2025-04-16;PSW Worldwide;Utdelning;Blackstone Mortgage Trust;34;0,47;156,09;SEK;;1;USD;US09257W1009;
2025-04-16;PSW Worldwide;Utländsk källskatt;Utdelning ARE 1.32 USD/aktie 15%;4;;-7,74;SEK;;1;;US0152711091;
2025-04-16;PSW Worldwide;Utdelning;Alexandria Real Estate Equities;4;1,32;51,57;SEK;;1;USD;US0152711091;
2025-04-16;PSW Worldwide;Utländsk källskatt;Utdelning AD_U.TO 0.34 CAD/aktie 15%;50;;-17,9;SEK;;1;;CAC010971017;
2025-04-16;PSW Worldwide;Utdelning;Alaris Equity Partners Income Trust Units;50;0,34;119,35;SEK;;1;CAD;CAC010971017;
2025-04-16;PSW Worldwide;Utländsk källskatt;Utdelning NWH_U.TO 0.03 CAD/aktie 15%;550;;-17,38;SEK;;1;;CA6674951059;
2025-04-16;PSW Worldwide;Utdelning;Northwest Healthcare Properties Real Estate Investment Trust Unit;550;0,03;115,84;SEK;;1;CAD;CA6674951059;
2025-04-16;PSW Worldwide;Utländsk källskatt;Utdelning HR_U.TO 0.05 CAD/aktie 15%;260;;-13,69;SEK;;1;;CA4039254079;
2025-04-16;PSW Worldwide;Utdelning;H&R Real Estate Investment Trust Unit;260;0,05;91,27;SEK;;1;CAD;CA4039254079;
2025-04-16;PSW Worldwide;Utländsk källskatt;Utdelning EIF.TO 0.22 CAD/aktie 15%;130;;-30,12;SEK;;1;;CA3012831077;
2025-04-16;PSW Worldwide;Utdelning;Exchange Income Corp;130;0,22;200,79;SEK;;1;CAD;CA3012831077;
2025-04-16;PSW Worldwide;Utländsk källskatt;Utdelning DE.V 0.045 CAD/aktie 15%;2000;;-94,78;SEK;;1;;CA24345T1003;
2025-04-16;PSW Worldwide;Utdelning;Decisive Dividend Corp;2000;0,045;631,87;SEK;;1;CAD;CA24345T1003;
2025-04-16;PSW Worldwide;Utländsk källskatt;Utdelning ADN.TO 0.29 CAD/aktie 15%;80;;-24,43;SEK;;1;;CA0042721005;
2025-04-16;PSW Worldwide;Utdelning;Acadian Timber Corp;80;0,29;162,88;SEK;;1;CAD;CA0042721005;
2025-04-16;PSW Worldwide;Utländsk källskatt;Utdelning HRZN.O 0.11 USD/aktie 15%;160;;-25,79;SEK;;1;;US44045A1025;
2025-04-16;PSW Worldwide;Utdelning;Horizon Technology Finance;160;0,11;171,91;SEK;;1;USD;US44045A1025;
2025-04-16;PSW Sverige;Köp;Nolato B;13;50;-651;SEK;1;;SEK;SE0015962477;
2025-04-16;PSW Sverige;Köp;Ework Group;5;136,64;-684,22;SEK;1,02;;SEK;SE0002402701;
2025-04-15;PSW Worldwide;Utländsk källskatt;Utdelning ABFIN 0.6 DKK/aktie 27%;30;;-7,2;SEK;;1;;DK0015250344;
2025-04-15;PSW Worldwide;Utdelning;Alm. Brand;30;0,6;26,67;SEK;;1;DKK;DK0015250344;
2025-04-15;PSW Sverige;Utdelning;JM;5;3,25;16,25;SEK;;;SEK;SE0000806994;
2025-04-15;PSW Sverige;Utdelning;Telia Company;40;0,5;20;SEK;;;SEK;SE0000667925;
2025-04-15;PSW Worldwide;Utländsk källskatt;Utdelning PARB.OL 4.15 NOK/aktie 25%;15;;-14,38;SEK;;1;;NO0010397581;
2025-04-15;PSW Worldwide;Utdelning;Pareto Bank;15;4,15;57,54;SEK;;1;NOK;NO0010397581;
2025-04-15;PSW Worldwide;Utländsk källskatt;Utdelning MDLZ 0.47 USD/aktie 15%;10;;-6,9;SEK;;1;;US6092071058;
2025-04-15;PSW Worldwide;Utdelning;Mondelez International A;10;0,47;45,98;SEK;;1;USD;US6092071058;
2025-04-15;PSW Worldwide;Utländsk källskatt;Utdelning ADC 0.253 USD/aktie 15%;20;;-7,42;SEK;;1;;US0084921008;
2025-04-15;PSW Worldwide;Utdelning;Agree Realty REIT;20;0,253;49,5;SEK;;1;USD;US0084921008;
2025-04-15;PSW Worldwide;Utländsk källskatt;Utdelning BCE.TO 0.9975 CAD/aktie 15%;25;;-26,36;SEK;;1;;CA05534B7604;
2025-04-15;PSW Worldwide;Utdelning;BCE;25;0,9975;175,75;SEK;;1;CAD;CA05534B7604;
2025-04-14;PSW Worldwide;Utländsk källskatt;Utdelning STOGR.CO 8.5 DKK/aktie 27%;40;;-134,97;SEK;;1;;DK0060696300;
2025-04-14;PSW Worldwide;Utdelning;Scandinavian Tobacco Group;40;8,5;499,88;SEK;;1;DKK;DK0060696300;
2025-04-14;PSW Worldwide;Utländsk källskatt;Utdelning PPGP_P.OL 2.5 NOK/aktie 25%;15;;-8,59;SEK;;1;;NO0010735681;
2025-04-14;PSW Worldwide;Utdelning;Pioneer Property Group Pref;15;2,5;34,37;SEK;;1;NOK;NO0010735681;
2025-04-14;PSW Worldwide;Utländsk källskatt;Utdelning BEN.N 0.32 USD/aktie 15%;20;;-9,32;SEK;;1;;US3546131018;
2025-04-14;PSW Worldwide;Utdelning;Franklin Resources;20;0,32;62,11;SEK;;1;USD;US3546131018;
2025-04-14;PSW Worldwide;Utländsk källskatt;Utdelning EPRT.K 0.295 USD/aktie 15%;11;;-4,72;SEK;;1;;US29670E1073;
2025-04-14;PSW Worldwide;Utdelning;Essential Properties Realty Trust;11;0,295;31,49;SEK;;1;USD;US29670E1073;
2025-04-14;PSW Worldwide;Köp;MPC Container Ships;300;15,13;-4181,29;SEK;1,84;0,920786;NOK;NO0010791353;
2025-04-14;PSW Sverige;Köp;Fastpartner D;10;66,2;-663;SEK;1;;SEK;SE0013512514;
2025-04-14;PSW Sverige;Köp;Bulten;10;58,2;-583;SEK;1;;SEK;SE0003849223;
2025-04-14;PSW Sverige;Köp;Ogunsen B;25;27;-676,01;SEK;1,01;;SEK;SE0008406151;
2025-04-14;PSW Worldwide;Köp;ABL Group;28;9;-232,96;SEK;0,92;0,920786;NOK;NO0010715394;
2025-04-14;PSW Worldwide;Köp;Noram Drilling;30;26,9;-744,18;SEK;1,11;0,920786;NOK;NO0010360019;
2025-04-11;PSW Worldwide;Utländsk källskatt;Utdelning FUM1V 1.4 EUR/aktie 35%;160;;-868,01;SEK;;1;;FI0009007132;
2025-04-11;PSW Worldwide;Utdelning;Fortum;160;1,4;2480,04;SEK;;1;EUR;FI0009007132;
2025-04-11;PSW Worldwide;Utländsk källskatt;Utdelning DS.TO 0.05567 CAD/aktie 15%;160;;-9,38;SEK;;1;;CA2553801077;
2025-04-11;PSW Worldwide;Utdelning;Dividend Select 15 Corp;160;0,05567;62,54;SEK;;1;CAD;CA2553801077;
2025-04-11;PSW Worldwide;Utländsk källskatt;Utdelning PM.N 0.1215 USD/aktie 15%;10;;-1,79;SEK;;1;;US7181721090;
2025-04-11;PSW Worldwide;Utdelning;Philip Morris;10;0,1215;11,91;SEK;;1;USD;US7181721090;
2025-04-11;PSW Worldwide;Utdelning;Philip Morris;10;1,2285;120,39;SEK;;1;USD;US7181721090;
2025-04-11;PSW Worldwide;Utländsk källskatt;Utdelning LUMI 0.631188 SEK/aktie [0,09 CAD] 25%;10;;-1,58;SEK;;;;CA5503721063;
2025-04-11;PSW Worldwide;Utdelning;Lundin Mining Corporation;10;0,631188;6,31;SEK;;;SEK;CA5503721063;
2025-04-11;PSW Worldwide;Utländsk källskatt;Utdelning MPW 0.08 USD/aktie 15%;320;;-37,63;SEK;;1;;US58463J3041;
2025-04-11;PSW Worldwide;Utdelning;Medical Properties Trust;320;0,08;250,87;SEK;;1;USD;US58463J3041;
2025-04-11;PSW Sverige;Utdelning;Skanska B;240;8;1920;SEK;;;SEK;SE0000113250;
2025-04-11;PSW Worldwide;Uttag;Uttag till 33007510020816;;;-8000;SEK;;;;;
2025-04-10;PSW Sverige;Utdelning;Solnaberg Property;20;1,5;30;SEK;;;SEK;SE0009155211;
2025-04-10;PSW Worldwide;Utländsk källskatt;Utdelning AGNC.O 0.12 USD/aktie 15%;190;;-33,53;SEK;;1;;US00123Q1040;
2025-04-10;PSW Worldwide;Utdelning;AGNC Investment;190;0,12;223,55;SEK;;1;USD;US00123Q1040;
2025-04-10;PSW Worldwide;Ränta;Avregistrering valutakonto;;;0,5;NOK;;0,9088;;;
2025-04-10;PSW Worldwide;Valutaväxling;Avregistrering valutakonto;;;-0,5;NOK;;0,9088;;;
2025-04-10;PSW Worldwide;Valutaväxling;Avregistrering valutakonto;;;0,46;SEK;;;;;
